Date,ProductID,CompetitorPriceIndex,MarketSharePct,PromoIntensity
2025-11-07 15:50:54.404955,SKU_BER01,1.079169185761881,33.40646229195306,0
2025-11-07 15:50:54.404955,SKU_BER02,0.9223252719406051,27.125194058154147,0
2025-11-07 15:50:54.404955,SKU_BER03,0.8641164763437623,18.275916762442534,0
2025-11-07 15:50:54.404955,SKU_BER04,1.0537041901522994,34.617043923248474,0
2025-11-07 15:50:54.404955,SKU_LEA01,1.0309351903948398,25.377375267524545,0
2025-11-07 15:50:54.404955,SKU_LEA02,1.0687889107461135,27.662771784040586,2
2025-11-07 15:50:54.404955,SKU_LEA03,1.0639982823423797,15.221706612660878,1
2025-11-07 15:50:54.404955,SKU_LEA04,1.0862979086664897,22.754678256339556,0
2025-11-07 15:50:54.404955,SKU_BAN01,1.0022174584360994,15.404590557272183,0
2025-11-07 15:50:54.404955,SKU_BAN02,1.0761441935989382,32.2940130418844,0
2025-11-07 15:50:54.404955,SKU_BAN03,0.921688135149812,29.287623274801184,0
2025-11-07 15:50:54.404955,SKU_BAN04,0.8709597630489035,17.632541372748832,1
2025-11-07 15:50:54.404955,SKU_CIT01,1.108768500737733,19.057476801238828,0
2025-11-07 15:50:54.404955,SKU_CIT02,0.8963455717151528,25.341782966630507,2
2025-11-07 15:50:54.404955,SKU_CIT03,1.1396714504746193,17.87014564382976,2
2025-11-07 15:50:54.404955,SKU_CIT04,1.1254015797698842,23.070601703834566,0
2025-11-07 15:50:54.404955,SKU_TOM01,0.9664561436381672,32.96579632704817,0
2025-11-07 15:50:54.404955,SKU_TOM02,0.9697695757583027,24.258951513514877,0
2025-11-07 15:50:54.404955,SKU_TOM03,1.1371595681649003,30.77921236339155,0
2025-11-07 15:50:54.404955,SKU_TOM04,1.0796604531197698,16.55498282476122,0
2025-11-07 15:50:54.404955,SKU_ROO01,1.043099759761015,19.137298112363833,0
2025-11-07 15:50:54.404955,SKU_ROO02,1.062717240362373,27.131222605911134,0
2025-11-07 15:50:54.404955,SKU_ROO03,0.946084785607646,34.044129687728585,0
2025-11-07 15:50:54.404955,SKU_ROO04,0.8580714842607217,22.76052094122532,0
2025-11-08 15:50:54.404955,SKU_BER01,0.9871870156030303,20.665939387045512,0
2025-11-08 15:50:54.404955,SKU_BER02,1.084194891719229,24.038537039035617,0
2025-11-08 15:50:54.404955,SKU_BER03,1.148617655963001,22.045638606189325,1
2025-11-08 15:50:54.404955,SKU_BER04,0.9747068928149355,16.557359045426047,0
2025-11-08 15:50:54.404955,SKU_LEA01,1.0414113485519418,30.65164132106495,0
2025-11-08 15:50:54.404955,SKU_LEA02,1.1192986771762954,30.04629318517876,0
2025-11-08 15:50:54.404955,SKU_LEA03,1.1274407075733799,27.265503578113695,0
2025-11-08 15:50:54.404955,SKU_LEA04,1.0761985429350738,27.59475542330904,1
2025-11-08 15:50:54.404955,SKU_BAN01,1.0249409699816423,19.41419860800368,0
2025-11-08 15:50:54.404955,SKU_BAN02,1.1014607439291035,15.748823401240399,0
2025-11-08 15:50:54.404955,SKU_BAN03,1.118968906719907,24.306482720158694,0
2025-11-08 15:50:54.404955,SKU_BAN04,0.9688794240842742,19.972266086839557,0
2025-11-08 15:50:54.404955,SKU_CIT01,1.1488662731755532,31.30263778536983,0
2025-11-08 15:50:54.404955,SKU_CIT02,0.8681809690099285,29.402179205670713,0
2025-11-08 15:50:54.404955,SKU_CIT03,0.9784675698833731,19.591447565904126,1
2025-11-08 15:50:54.404955,SKU_CIT04,1.0194552866223503,19.227747414462137,0
2025-11-08 15:50:54.404955,SKU_TOM01,1.063562164295128,17.971826151242997,0
2025-11-08 15:50:54.404955,SKU_TOM02,0.9050027826672616,33.45036876918816,0
2025-11-08 15:50:54.404955,SKU_TOM03,0.9708315953884251,30.928584346552384,1
2025-11-08 15:50:54.404955,SKU_TOM04,1.0540407124988245,30.408638133820443,0
2025-11-08 15:50:54.404955,SKU_ROO01,1.0094891138849136,20.520316771635443,0
2025-11-08 15:50:54.404955,SKU_ROO02,1.0043804633876687,24.841700322006123,2
2025-11-08 15:50:54.404955,SKU_ROO03,1.1066252729678943,32.68159632497036,0
2025-11-08 15:50:54.404955,SKU_ROO04,0.8787267229302502,20.478487709705448,0
2025-11-09 15:50:54.404955,SKU_BER01,1.084981140197523,24.599787125986136,2
2025-11-09 15:50:54.404955,SKU_BER02,0.9597705560033329,23.667244583947088,0
2025-11-09 15:50:54.404955,SKU_BER03,1.0026882987232135,17.78506254077224,0
2025-11-09 15:50:54.404955,SKU_BER04,1.0286072242199986,32.57205634752927,0
2025-11-09 15:50:54.404955,SKU_LEA01,1.1292671827983174,15.843891073191399,0
2025-11-09 15:50:54.404955,SKU_LEA02,0.980887581671538,18.933730682831342,0
2025-11-09 15:50:54.404955,SKU_LEA03,0.9843068599506831,17.725295847710264,1
2025-11-09 15:50:54.404955,SKU_LEA04,0.9851651650964318,21.13705104080504,0
2025-11-09 15:50:54.404955,SKU_BAN01,0.9774378922297637,29.334573560796002,0
2025-11-09 15:50:54.404955,SKU_BAN02,1.024445896766101,30.55420711666448,0
2025-11-09 15:50:54.404955,SKU_BAN03,1.0638526492230977,29.22509250656631,0
2025-11-09 15:50:54.404955,SKU_BAN04,0.9629197777733196,24.387077069837765,0
2025-11-09 15:50:54.404955,SKU_CIT01,0.973162497535253,30.36071691200231,1
2025-11-09 15:50:54.404955,SKU_CIT02,0.9972621524707974,24.7058144273216,0
2025-11-09 15:50:54.404955,SKU_CIT03,1.0388574303841573,23.587942990092493,0
2025-11-09 15:50:54.404955,SKU_CIT04,0.9566295956179649,30.772540394742084,0
2025-11-09 15:50:54.404955,SKU_TOM01,1.0167651794569363,33.95879576401008,1
2025-11-09 15:50:54.404955,SKU_TOM02,0.9123091400879649,19.94110637013682,1
2025-11-09 15:50:54.404955,SKU_TOM03,0.8747057324558842,31.22032319127102,0
2025-11-09 15:50:54.404955,SKU_TOM04,1.100943463019016,28.81152574574722,0
2025-11-09 15:50:54.404955,SKU_ROO01,0.8600007417512426,27.19603644250501,0
2025-11-09 15:50:54.404955,SKU_ROO02,1.055561287946074,17.464583464239723,0
2025-11-09 15:50:54.404955,SKU_ROO03,0.8785647076446544,24.62633259476835,2
2025-11-09 15:50:54.404955,SKU_ROO04,0.9815148540750605,15.182206269659318,0
2025-11-10 15:50:54.404955,SKU_BER01,1.0469929567458305,15.79513520094332,1
2025-11-10 15:50:54.404955,SKU_BER02,1.0043322844135154,26.52795567312316,1
2025-11-10 15:50:54.404955,SKU_BER03,1.0752850737612503,20.118075434231574,0
2025-11-10 15:50:54.404955,SKU_BER04,1.1107966453018676,20.446925591819358,0
2025-11-10 15:50:54.404955,SKU_LEA01,0.9178310543406214,15.488406222669774,0
2025-11-10 15:50:54.404955,SKU_LEA02,1.1344458413927063,34.976232116225546,0
2025-11-10 15:50:54.404955,SKU_LEA03,1.075586463430779,17.628242328306072,0
2025-11-10 15:50:54.404955,SKU_LEA04,1.042782066642062,31.277869376927626,0
2025-11-10 15:50:54.404955,SKU_BAN01,1.0926489744331167,27.779995447388227,1
2025-11-10 15:50:54.404955,SKU_BAN02,0.9718141223046626,20.424151887969444,1
2025-11-10 15:50:54.404955,SKU_BAN03,0.8879822677836854,18.86237198906636,0
2025-11-10 15:50:54.404955,SKU_BAN04,1.078038583664064,25.792332169222618,0
2025-11-10 15:50:54.404955,SKU_CIT01,0.9948124734223569,23.943522397255,0
2025-11-10 15:50:54.404955,SKU_CIT02,0.8546578927529961,19.468592586085023,1
2025-11-10 15:50:54.404955,SKU_CIT03,0.9897062131223926,17.95921194853114,0
2025-11-10 15:50:54.404955,SKU_CIT04,1.0909257117232163,34.109892148538194,0
2025-11-10 15:50:54.404955,SKU_TOM01,0.9703483256360855,27.105666389522064,2
2025-11-10 15:50:54.404955,SKU_TOM02,0.8732354939065315,15.975478483606837,1
2025-11-10 15:50:54.404955,SKU_TOM03,1.0503127261782998,30.514194949771962,0
2025-11-10 15:50:54.404955,SKU_TOM04,1.097313829097443,26.62193770982403,0
2025-11-10 15:50:54.404955,SKU_ROO01,0.8907025783274923,31.52132887454418,0
2025-11-10 15:50:54.404955,SKU_ROO02,1.1457438556713633,20.226206954038087,1
2025-11-10 15:50:54.404955,SKU_ROO03,1.1191150886586714,30.561644329643975,2
2025-11-10 15:50:54.404955,SKU_ROO04,1.0018984875641026,27.19339574277457,2
2025-11-11 15:50:54.404955,SKU_BER01,0.9862239830062544,28.96525686509662,0
2025-11-11 15:50:54.404955,SKU_BER02,0.9432717133060491,17.73479942992182,0
2025-11-11 15:50:54.404955,SKU_BER03,0.9095301411867077,20.335780105432264,0
2025-11-11 15:50:54.404955,SKU_BER04,1.0652850446456377,21.151519960192168,0
2025-11-11 15:50:54.404955,SKU_LEA01,1.1111460512644875,29.813139008894836,1
2025-11-11 15:50:54.404955,SKU_LEA02,1.1110833757744953,18.318132608652714,0
2025-11-11 15:50:54.404955,SKU_LEA03,0.9832808205473051,20.011253366653538,0
2025-11-11 15:50:54.404955,SKU_LEA04,1.0964036109044235,17.375678342519418,0
2025-11-11 15:50:54.404955,SKU_BAN01,1.1126892967704403,33.82042302586973,0
2025-11-11 15:50:54.404955,SKU_BAN02,1.027625098308279,17.506563701651746,2
2025-11-11 15:50:54.404955,SKU_BAN03,1.1289095235724291,31.785424574984948,0
2025-11-11 15:50:54.404955,SKU_BAN04,1.1241249176256474,34.613883753963904,0
2025-11-11 15:50:54.404955,SKU_CIT01,0.8538257445922534,32.472997835891334,0
2025-11-11 15:50:54.404955,SKU_CIT02,1.1096074460031113,30.74103258261826,0
2025-11-11 15:50:54.404955,SKU_CIT03,1.082170420403658,34.24146001291891,0
2025-11-11 15:50:54.404955,SKU_CIT04,1.1256061804504804,33.94336752630716,0
2025-11-11 15:50:54.404955,SKU_TOM01,0.9750587432701148,23.20192480325769,0
2025-11-11 15:50:54.404955,SKU_TOM02,1.051940756500023,28.317690053093557,0
2025-11-11 15:50:54.404955,SKU_TOM03,0.9338194739670836,23.07559774053047,0
2025-11-11 15:50:54.404955,SKU_TOM04,1.0352605716393637,21.48028737588534,0
2025-11-11 15:50:54.404955,SKU_ROO01,1.1338073651424458,16.118930119868008,0
2025-11-11 15:50:54.404955,SKU_ROO02,0.9236211965413841,32.270409765891216,1
2025-11-11 15:50:54.404955,SKU_ROO03,0.8778139434023593,22.66283202892531,1
2025-11-11 15:50:54.404955,SKU_ROO04,1.076502769588004,19.456022173847046,1
2025-11-12 15:50:54.404955,SKU_BER01,1.0142341744289136,28.282779852995585,0
2025-11-12 15:50:54.404955,SKU_BER02,1.1499943593013195,21.737911159663764,2
2025-11-12 15:50:54.404955,SKU_BER03,0.8808739105579052,32.81576005536927,0
2025-11-12 15:50:54.404955,SKU_BER04,1.0079894768055178,20.488295756654416,2
2025-11-12 15:50:54.404955,SKU_LEA01,0.9862406640891765,20.116985557864627,0
2025-11-12 15:50:54.404955,SKU_LEA02,0.8976668760752246,29.447695226549435,2
2025-11-12 15:50:54.404955,SKU_LEA03,1.046841983805587,29.52338501670284,0
2025-11-12 15:50:54.404955,SKU_LEA04,1.1453757110370535,22.716682132937592,2
2025-11-12 15:50:54.404955,SKU_BAN01,0.982544000102635,17.65769770627223,0
2025-11-12 15:50:54.404955,SKU_BAN02,1.0684850073060896,19.61995228307915,0
2025-11-12 15:50:54.404955,SKU_BAN03,0.8577360800883044,19.974589411019842,0
2025-11-12 15:50:54.404955,SKU_BAN04,0.9168957593778548,32.19269580022329,1
2025-11-12 15:50:54.404955,SKU_CIT01,0.8809478821556485,28.129123661753297,0
2025-11-12 15:50:54.404955,SKU_CIT02,0.9813120461158358,31.70903803629239,0
2025-11-12 15:50:54.404955,SKU_CIT03,1.1232004728806988,31.90277190102784,0
2025-11-12 15:50:54.404955,SKU_CIT04,1.0583171438088226,27.937645701574436,0
2025-11-12 15:50:54.404955,SKU_TOM01,1.0438966566329986,19.246443803945176,0
2025-11-12 15:50:54.404955,SKU_TOM02,1.078398826304042,26.55965995461884,0
2025-11-12 15:50:54.404955,SKU_TOM03,1.018632959417435,19.380112093007966,0
2025-11-12 15:50:54.404955,SKU_TOM04,1.019885453020437,17.419827458352877,1
2025-11-12 15:50:54.404955,SKU_ROO01,0.909918140460936,32.20660654608457,0
2025-11-12 15:50:54.404955,SKU_ROO02,1.0474353954071352,26.797180722616556,0
2025-11-12 15:50:54.404955,SKU_ROO03,0.9199281184230867,24.108530506602733,0
2025-11-12 15:50:54.404955,SKU_ROO04,0.8966810877789351,27.751813709354707,2
2025-11-13 15:50:54.404955,SKU_BER01,1.1352442998364431,30.696042657634166,2
2025-11-13 15:50:54.404955,SKU_BER02,0.9800395337189964,32.71987795340766,0
2025-11-13 15:50:54.404955,SKU_BER03,0.8679867594128052,17.847616067982834,0
2025-11-13 15:50:54.404955,SKU_BER04,0.90820244780278,31.187331454389547,2
2025-11-13 15:50:54.404955,SKU_LEA01,0.9449323911308455,29.681039408566967,1
2025-11-13 15:50:54.404955,SKU_LEA02,0.8524462163990529,31.679797543802138,0
2025-11-13 15:50:54.404955,SKU_LEA03,0.8506895929947661,18.401401650447106,1
2025-11-13 15:50:54.404955,SKU_LEA04,1.0503850522573015,27.416237294356172,0
2025-11-13 15:50:54.404955,SKU_BAN01,0.9684813942599612,31.940045362390816,1
2025-11-13 15:50:54.404955,SKU_BAN02,0.9360514322570603,20.597672052632845,0
2025-11-13 15:50:54.404955,SKU_BAN03,1.082464994432025,33.94957531044048,0
2025-11-13 15:50:54.404955,SKU_BAN04,0.929227700812748,24.13830144309217,1
2025-11-13 15:50:54.404955,SKU_CIT01,0.9819982967923246,15.136840243807876,2
2025-11-13 15:50:54.404955,SKU_CIT02,0.8834549299914671,20.132443360125432,2
2025-11-13 15:50:54.404955,SKU_CIT03,0.9727848696783946,31.974971200388328,0
2025-11-13 15:50:54.404955,SKU_CIT04,1.1076861312827637,16.71427974577975,0
2025-11-13 15:50:54.404955,SKU_TOM01,0.9864436885052383,27.55836486889376,2
2025-11-13 15:50:54.404955,SKU_TOM02,0.9785187562688399,21.520201024870545,0
2025-11-13 15:50:54.404955,SKU_TOM03,1.127760248823461,15.899543541200934,1
2025-11-13 15:50:54.404955,SKU_TOM04,0.9147072255020217,26.519133479379597,0
2025-11-13 15:50:54.404955,SKU_ROO01,0.8604977374942406,29.211881857858984,2
2025-11-13 15:50:54.404955,SKU_ROO02,0.9448702292645678,33.68451477106875,0
2025-11-13 15:50:54.404955,SKU_ROO03,1.039087426538392,16.3397492692857,0
2025-11-13 15:50:54.404955,SKU_ROO04,0.9171632439319499,28.87194795746399,1
2025-11-14 15:50:54.404955,SKU_BER01,0.9554826142023702,19.17063713997389,2
2025-11-14 15:50:54.404955,SKU_BER02,1.0519751756200848,19.676782733780534,0
2025-11-14 15:50:54.404955,SKU_BER03,1.0844397195039566,15.742160681814894,0
2025-11-14 15:50:54.404955,SKU_BER04,1.1002403672251824,19.619773528729027,0
2025-11-14 15:50:54.404955,SKU_LEA01,1.0817751024384428,31.49854959690178,0
2025-11-14 15:50:54.404955,SKU_LEA02,1.0407466089026052,34.401563019709414,0
2025-11-14 15:50:54.404955,SKU_LEA03,0.9044431199313921,21.749231287350906,0
2025-11-14 15:50:54.404955,SKU_LEA04,1.0165139476535958,29.223372070501956,2
2025-11-14 15:50:54.404955,SKU_BAN01,1.0519955939196666,18.891084785246274,0
2025-11-14 15:50:54.404955,SKU_BAN02,1.1064874813011507,24.012968821198093,1
2025-11-14 15:50:54.404955,SKU_BAN03,0.9416245900600018,34.694050798749416,0
2025-11-14 15:50:54.404955,SKU_BAN04,0.9995450581336713,16.167817641908403,0
2025-11-14 15:50:54.404955,SKU_CIT01,0.8745756558685254,34.2515979005847,0
2025-11-14 15:50:54.404955,SKU_CIT02,1.042191674934788,34.711645308351876,0
2025-11-14 15:50:54.404955,SKU_CIT03,0.8905580715303127,24.18942078971473,1
2025-11-14 15:50:54.404955,SKU_CIT04,1.0499003067327326,27.175343099682255,0
2025-11-14 15:50:54.404955,SKU_TOM01,1.0895738449751033,30.765369742353876,1
2025-11-14 15:50:54.404955,SKU_TOM02,1.1400930180417448,33.08285641987325,1
2025-11-14 15:50:54.404955,SKU_TOM03,0.9816263485616278,30.412523079147803,1
2025-11-14 15:50:54.404955,SKU_TOM04,0.983786757675649,16.277475089526042,0
2025-11-14 15:50:54.404955,SKU_ROO01,1.0809138800941565,19.313135327714203,0
2025-11-14 15:50:54.404955,SKU_ROO02,0.9488150357319739,19.572192027310045,0
2025-11-14 15:50:54.404955,SKU_ROO03,1.122778690682019,20.39451113303072,2
2025-11-14 15:50:54.404955,SKU_ROO04,0.8750579513594482,33.25711289191473,0
2025-11-15 15:50:54.404955,SKU_BER01,0.9753528612065296,34.40955216937302,0
2025-11-15 15:50:54.404955,SKU_BER02,1.0886987862160646,29.824758796514566,0
2025-11-15 15:50:54.404955,SKU_BER03,0.9485243594462143,19.00508051171506,0
2025-11-15 15:50:54.404955,SKU_BER04,1.04574940119988,34.03257553380625,0
2025-11-15 15:50:54.404955,SKU_LEA01,0.9276551984655014,31.802888361028966,0
2025-11-15 15:50:54.404955,SKU_LEA02,1.091952457249805,18.44344676524968,0
2025-11-15 15:50:54.404955,SKU_LEA03,0.9869917796275863,18.916758740898484,0
2025-11-15 15:50:54.404955,SKU_LEA04,1.1120310376931446,33.44217109315231,0
2025-11-15 15:50:54.404955,SKU_BAN01,1.080296248813539,21.761128357961383,0
2025-11-15 15:50:54.404955,SKU_BAN02,0.9842444611461157,23.77020772265096,0
2025-11-15 15:50:54.404955,SKU_BAN03,1.0306967613882532,17.529400517307717,1
2025-11-15 15:50:54.404955,SKU_BAN04,1.0196278753610148,18.811845940549976,1
2025-11-15 15:50:54.404955,SKU_CIT01,0.9501967635098624,18.223530144815378,1
2025-11-15 15:50:54.404955,SKU_CIT02,0.8634533399262613,19.520303268361637,1
2025-11-15 15:50:54.404955,SKU_CIT03,1.029776717853662,15.885992809215423,0
2025-11-15 15:50:54.404955,SKU_CIT04,1.0309632453516187,27.468821540704848,0
2025-11-15 15:50:54.404955,SKU_TOM01,0.8631685954976005,31.71243125637458,0
2025-11-15 15:50:54.404955,SKU_TOM02,1.1259687341615006,17.766056526240536,1
2025-11-15 15:50:54.404955,SKU_TOM03,0.8886640203542444,22.515597606447024,0
2025-11-15 15:50:54.404955,SKU_TOM04,1.148648841184226,22.334716697558115,0
2025-11-15 15:50:54.404955,SKU_ROO01,0.9919948897887192,21.028584557011918,0
2025-11-15 15:50:54.404955,SKU_ROO02,0.9283695492701571,22.489470438340557,0
2025-11-15 15:50:54.404955,SKU_ROO03,1.002835573438721,22.380662742311294,0
2025-11-15 15:50:54.404955,SKU_ROO04,1.1243928673391892,24.609415703097103,0
2025-11-16 15:50:54.404955,SKU_BER01,0.9727178004308779,23.056608167991836,0
2025-11-16 15:50:54.404955,SKU_BER02,0.921336365251094,27.398575332831403,0
2025-11-16 15:50:54.404955,SKU_BER03,1.1413566627166603,28.47146082054389,0
2025-11-16 15:50:54.404955,SKU_BER04,1.1061938322282954,18.433522411029386,0
2025-11-16 15:50:54.404955,SKU_LEA01,0.9248482244375704,25.610170107002045,0
2025-11-16 15:50:54.404955,SKU_LEA02,0.9521827654200702,19.23767976690636,0
2025-11-16 15:50:54.404955,SKU_LEA03,0.9737173193656641,19.978737240290677,0
2025-11-16 15:50:54.404955,SKU_LEA04,1.1202420357088754,24.92731811791539,0
2025-11-16 15:50:54.404955,SKU_BAN01,1.102308376087998,27.145500742374296,0
2025-11-16 15:50:54.404955,SKU_BAN02,0.9230137953627282,25.253273946691465,0
2025-11-16 15:50:54.404955,SKU_BAN03,0.8617743584376804,19.069743170245598,0
2025-11-16 15:50:54.404955,SKU_BAN04,1.016914725332114,34.2396006337858,0
2025-11-16 15:50:54.404955,SKU_CIT01,0.8683599917708487,26.722343690583298,0
2025-11-16 15:50:54.404955,SKU_CIT02,0.961912019496446,33.04469086840096,1
2025-11-16 15:50:54.404955,SKU_CIT03,0.9785079071968279,18.740928631599296,0
2025-11-16 15:50:54.404955,SKU_CIT04,1.0638957702660454,30.946395767826168,2
2025-11-16 15:50:54.404955,SKU_TOM01,0.9338056680477712,28.935163599882507,0
2025-11-16 15:50:54.404955,SKU_TOM02,0.8832404534758295,22.190595942215218,2
2025-11-16 15:50:54.404955,SKU_TOM03,0.8788883165160579,17.324349637196367,2
2025-11-16 15:50:54.404955,SKU_TOM04,1.0502965637930577,31.079283626152012,0
2025-11-16 15:50:54.404955,SKU_ROO01,0.9532736563146851,17.51492540368259,0
2025-11-16 15:50:54.404955,SKU_ROO02,0.8844881835850156,20.873881923061525,0
2025-11-16 15:50:54.404955,SKU_ROO03,1.0274673351938293,23.346268810139474,0
2025-11-16 15:50:54.404955,SKU_ROO04,0.9062398870068072,34.917129420948626,2
2025-11-17 15:50:54.404955,SKU_BER01,1.08834450462986,21.060058031763116,0
2025-11-17 15:50:54.404955,SKU_BER02,0.9696216180310561,33.63668434754537,0
2025-11-17 15:50:54.404955,SKU_BER03,0.8704929395062918,28.423704598112554,0
2025-11-17 15:50:54.404955,SKU_BER04,1.0026105489080668,33.176657623838935,1
2025-11-17 15:50:54.404955,SKU_LEA01,0.9727258610072175,15.435589268766613,1
2025-11-17 15:50:54.404955,SKU_LEA02,0.9286596581568164,29.882742681382652,0
2025-11-17 15:50:54.404955,SKU_LEA03,0.9206152023141521,24.103256796200505,0
2025-11-17 15:50:54.404955,SKU_LEA04,1.0505141535391982,27.656236405518467,0
2025-11-17 15:50:54.404955,SKU_BAN01,0.9324195219198368,18.77489131509289,1
2025-11-17 15:50:54.404955,SKU_BAN02,1.1051784202097896,27.68483391982189,0
2025-11-17 15:50:54.404955,SKU_BAN03,1.057758265327019,31.575847719152808,0
2025-11-17 15:50:54.404955,SKU_BAN04,1.1463034365362648,23.25921320360061,0
2025-11-17 15:50:54.404955,SKU_CIT01,0.9902516825363843,29.09250811207783,0
2025-11-17 15:50:54.404955,SKU_CIT02,1.1334589999227878,23.13800605145552,2
2025-11-17 15:50:54.404955,SKU_CIT03,0.8908306052305808,17.424471482120524,0
2025-11-17 15:50:54.404955,SKU_CIT04,0.9918795252034137,24.614544808029837,0
2025-11-17 15:50:54.404955,SKU_TOM01,0.8543621160191075,29.832390633098846,1
2025-11-17 15:50:54.404955,SKU_TOM02,0.8775956378951102,26.84400737375936,0
2025-11-17 15:50:54.404955,SKU_TOM03,0.8576854335551691,34.717723922244836,1
2025-11-17 15:50:54.404955,SKU_TOM04,0.8678803797480259,27.512704656509737,0
2025-11-17 15:50:54.404955,SKU_ROO01,0.9808348359364402,27.04417144946116,0
2025-11-17 15:50:54.404955,SKU_ROO02,0.8606385009475682,15.593992705634896,0
2025-11-17 15:50:54.404955,SKU_ROO03,0.8854958017754444,20.39084650350683,1
2025-11-17 15:50:54.404955,SKU_ROO04,1.1171376983139152,33.32074018643928,0
2025-11-18 15:50:54.404955,SKU_BER01,0.9994971545592162,20.774846126636138,0
2025-11-18 15:50:54.404955,SKU_BER02,1.1415545321909875,18.27610006861824,0
2025-11-18 15:50:54.404955,SKU_BER03,1.1158105365100301,30.718388581703838,0
2025-11-18 15:50:54.404955,SKU_BER04,1.1264266416423545,28.63876889956549,0
2025-11-18 15:50:54.404955,SKU_LEA01,0.9050700676509805,22.078251395775656,1
2025-11-18 15:50:54.404955,SKU_LEA02,0.8864425272279453,27.05868121139408,0
2025-11-18 15:50:54.404955,SKU_LEA03,0.8546778307938591,18.570518840239075,1
2025-11-18 15:50:54.404955,SKU_LEA04,1.1059562201008837,26.363752974689042,0
2025-11-18 15:50:54.404955,SKU_BAN01,1.076769131031015,30.0127045454107,0
2025-11-18 15:50:54.404955,SKU_BAN02,0.9666804154047505,31.226652889950735,2
2025-11-18 15:50:54.404955,SKU_BAN03,1.0560369368723084,29.670216343637055,0
2025-11-18 15:50:54.404955,SKU_BAN04,1.1378894132068789,34.866798168188986,0
2025-11-18 15:50:54.404955,SKU_CIT01,1.11184112171675,19.69204448435165,0
2025-11-18 15:50:54.404955,SKU_CIT02,0.9793346791313933,30.944108413046227,0
2025-11-18 15:50:54.404955,SKU_CIT03,0.8995825845939601,19.664191486653756,0
2025-11-18 15:50:54.404955,SKU_CIT04,1.0617226889498381,29.084740344955534,0
2025-11-18 15:50:54.404955,SKU_TOM01,0.9310875042671919,23.070703723483632,0
2025-11-18 15:50:54.404955,SKU_TOM02,1.0129946716314209,18.75063654491099,1
2025-11-18 15:50:54.404955,SKU_TOM03,0.9029935000270156,26.803979374572755,1
2025-11-18 15:50:54.404955,SKU_TOM04,1.1271371876445198,29.763133415492728,0
2025-11-18 15:50:54.404955,SKU_ROO01,0.8981598145407333,19.402883007621732,2
2025-11-18 15:50:54.404955,SKU_ROO02,1.0530866601052709,17.952947703781863,0
2025-11-18 15:50:54.404955,SKU_ROO03,1.0264009712896094,24.37328762407923,2
2025-11-18 15:50:54.404955,SKU_ROO04,0.9066434597178034,23.96817532219857,1
2025-11-19 15:50:54.404955,SKU_BER01,1.1324680857378233,32.2783934942321,1
2025-11-19 15:50:54.404955,SKU_BER02,0.9163013797858801,16.197239296341053,0
2025-11-19 15:50:54.404955,SKU_BER03,1.0031636474061898,24.373555667104526,0
2025-11-19 15:50:54.404955,SKU_BER04,0.8630871447288011,28.300970976497233,0
2025-11-19 15:50:54.404955,SKU_LEA01,0.9176512684870809,16.063353884392665,0
2025-11-19 15:50:54.404955,SKU_LEA02,1.014383495988623,17.588144020479294,0
2025-11-19 15:50:54.404955,SKU_LEA03,0.9807675236815712,33.286849633544804,0
2025-11-19 15:50:54.404955,SKU_LEA04,0.9314347696675404,33.21920281884813,0
2025-11-19 15:50:54.404955,SKU_BAN01,1.0620068434284389,19.763464918517414,0
2025-11-19 15:50:54.404955,SKU_BAN02,1.146647529807788,18.682928645283404,0
2025-11-19 15:50:54.404955,SKU_BAN03,1.0227600281363685,19.77635522905409,1
2025-11-19 15:50:54.404955,SKU_BAN04,1.1103841304753543,32.51208115686383,1
2025-11-19 15:50:54.404955,SKU_CIT01,0.8573745953593005,26.619589529967584,1
2025-11-19 15:50:54.404955,SKU_CIT02,1.1469909971496604,25.903955542191976,0
2025-11-19 15:50:54.404955,SKU_CIT03,0.8739602006398591,28.121788563310048,0
2025-11-19 15:50:54.404955,SKU_CIT04,1.0702809780543046,25.007240037167186,0
2025-11-19 15:50:54.404955,SKU_TOM01,1.066548625247512,22.6574490589718,0
2025-11-19 15:50:54.404955,SKU_TOM02,0.9342570975716404,30.845192898424656,0
2025-11-19 15:50:54.404955,SKU_TOM03,0.9460514098603612,23.09673665269601,0
2025-11-19 15:50:54.404955,SKU_TOM04,0.9332517604890411,22.5743232692387,0
2025-11-19 15:50:54.404955,SKU_ROO01,0.952445100431178,23.145323713543505,0
2025-11-19 15:50:54.404955,SKU_ROO02,0.9865337829586938,16.33551762156028,1
2025-11-19 15:50:54.404955,SKU_ROO03,1.0296559670823988,31.896514843134874,0
2025-11-19 15:50:54.404955,SKU_ROO04,0.968993448510871,19.932031408756306,0
2025-11-20 15:50:54.404955,SKU_BER01,1.0680533739620093,17.11027363825826,1
2025-11-20 15:50:54.404955,SKU_BER02,1.0987364451160126,18.527675354560184,0
2025-11-20 15:50:54.404955,SKU_BER03,0.9863781334070403,30.261377572318715,0
2025-11-20 15:50:54.404955,SKU_BER04,1.070783381447676,21.014884968416105,0
2025-11-20 15:50:54.404955,SKU_LEA01,1.0247688329171534,30.948190125568637,0
2025-11-20 15:50:54.404955,SKU_LEA02,0.9537283650424215,33.2730015950179,0
2025-11-20 15:50:54.404955,SKU_LEA03,0.8750419311795883,24.861980422412387,0
2025-11-20 15:50:54.404955,SKU_LEA04,0.9288488355746248,18.154975178382006,0
2025-11-20 15:50:54.404955,SKU_BAN01,0.8754026258021008,32.08617578478416,2
2025-11-20 15:50:54.404955,SKU_BAN02,0.9148546073331641,21.56609139986287,0
2025-11-20 15:50:54.404955,SKU_BAN03,0.8851656532850822,18.96302986907876,0
2025-11-20 15:50:54.404955,SKU_BAN04,1.0827239812184144,25.361551992004276,1
2025-11-20 15:50:54.404955,SKU_CIT01,0.8797591351925977,32.64083333805364,0
2025-11-20 15:50:54.404955,SKU_CIT02,0.8979103842189455,19.10045503179051,0
2025-11-20 15:50:54.404955,SKU_CIT03,0.9206359406676221,32.274088280928595,0
2025-11-20 15:50:54.404955,SKU_CIT04,1.0399371581700234,27.467929591753418,1
2025-11-20 15:50:54.404955,SKU_TOM01,0.9539132410492005,34.52210812007277,0
2025-11-20 15:50:54.404955,SKU_TOM02,0.9431948428759453,31.38683383380116,0
2025-11-20 15:50:54.404955,SKU_TOM03,1.124895138912874,18.53489936617056,2
2025-11-20 15:50:54.404955,SKU_TOM04,0.8558612162165986,29.469548501452348,0
2025-11-20 15:50:54.404955,SKU_ROO01,0.986289590001305,19.95743136097487,0
2025-11-20 15:50:54.404955,SKU_ROO02,1.0998073430496698,27.71593114105243,0
2025-11-20 15:50:54.404955,SKU_ROO03,1.088610502186917,33.91120739729792,1
2025-11-20 15:50:54.404955,SKU_ROO04,1.0219047038259388,33.96294645069912,0
2025-11-21 15:50:54.404955,SKU_BER01,1.124466654463533,31.297839818083006,0
2025-11-21 15:50:54.404955,SKU_BER02,1.120169324015217,24.165992803013175,0
2025-11-21 15:50:54.404955,SKU_BER03,1.0479433769659376,22.28371671920462,0
2025-11-21 15:50:54.404955,SKU_BER04,0.9159822234194914,27.479227786870943,0
2025-11-21 15:50:54.404955,SKU_LEA01,0.882914165459857,33.870250372673205,0
2025-11-21 15:50:54.404955,SKU_LEA02,1.0326956806718832,30.016619100623714,0
2025-11-21 15:50:54.404955,SKU_LEA03,1.0082056710880773,28.230971294198163,1
2025-11-21 15:50:54.404955,SKU_LEA04,1.008893452709339,24.623245047816667,0
2025-11-21 15:50:54.404955,SKU_BAN01,1.080802482686683,30.13570540707875,1
2025-11-21 15:50:54.404955,SKU_BAN02,1.110741509932847,28.858911526502837,1
2025-11-21 15:50:54.404955,SKU_BAN03,1.0564958962111022,30.434072561640352,0
2025-11-21 15:50:54.404955,SKU_BAN04,1.0205864834817542,25.59619217898739,0
2025-11-21 15:50:54.404955,SKU_CIT01,0.936227527498935,24.099607046903174,0
2025-11-21 15:50:54.404955,SKU_CIT02,1.0257891517733466,17.382187010668602,2
2025-11-21 15:50:54.404955,SKU_CIT03,0.9571659123643246,26.5589589322203,0
2025-11-21 15:50:54.404955,SKU_CIT04,1.0948397410714639,16.99236075522654,0
2025-11-21 15:50:54.404955,SKU_TOM01,0.8679136733127836,31.475233687367005,2
2025-11-21 15:50:54.404955,SKU_TOM02,0.8751808506866043,16.670851150407145,1
2025-11-21 15:50:54.404955,SKU_TOM03,1.1215734820181218,21.236204654499957,0
2025-11-21 15:50:54.404955,SKU_TOM04,0.9067329200226838,33.99654222916179,0
2025-11-21 15:50:54.404955,SKU_ROO01,0.9398001184231174,17.13771707255813,0
2025-11-21 15:50:54.404955,SKU_ROO02,0.9944121515701,16.88192880885869,0
2025-11-21 15:50:54.404955,SKU_ROO03,0.8836665428791176,26.531721073641172,0
2025-11-21 15:50:54.404955,SKU_ROO04,0.8962009910486417,23.88992877939356,0
2025-11-22 15:50:54.404955,SKU_BER01,1.1259714499376037,26.030712362778836,0
2025-11-22 15:50:54.404955,SKU_BER02,1.114562428552281,22.767413867250703,0
2025-11-22 15:50:54.404955,SKU_BER03,0.9614041439921684,21.27503980687736,2
2025-11-22 15:50:54.404955,SKU_BER04,0.9889662180803883,22.77048839006222,1
2025-11-22 15:50:54.404955,SKU_LEA01,1.115234275613645,21.2079827117173,0
2025-11-22 15:50:54.404955,SKU_LEA02,1.0012089992841966,34.45826548495188,1
2025-11-22 15:50:54.404955,SKU_LEA03,1.0012510169013582,21.657342319527764,1
2025-11-22 15:50:54.404955,SKU_LEA04,0.9226797540375204,34.75549910184627,1
2025-11-22 15:50:54.404955,SKU_BAN01,0.984142976083457,21.305050032655043,2
2025-11-22 15:50:54.404955,SKU_BAN02,0.955109450292926,28.990737372729456,0
2025-11-22 15:50:54.404955,SKU_BAN03,1.0714817204767568,34.869739346896374,0
2025-11-22 15:50:54.404955,SKU_BAN04,0.9285404653873319,15.688519422584665,0
2025-11-22 15:50:54.404955,SKU_CIT01,1.020157849666509,20.549911259745294,1
2025-11-22 15:50:54.404955,SKU_CIT02,1.0041396341409292,33.95220928266305,0
2025-11-22 15:50:54.404955,SKU_CIT03,0.8658380654004103,21.181017926551064,0
2025-11-22 15:50:54.404955,SKU_CIT04,0.9959413009325341,22.0033105154432,0
2025-11-22 15:50:54.404955,SKU_TOM01,0.8504496224407869,23.757590797476702,0
2025-11-22 15:50:54.404955,SKU_TOM02,1.0751300984444234,21.988516056752406,0
2025-11-22 15:50:54.404955,SKU_TOM03,1.1213956538552141,31.199369021553295,0
2025-11-22 15:50:54.404955,SKU_TOM04,1.0619834719438734,33.080971417897025,0
2025-11-22 15:50:54.404955,SKU_ROO01,1.1220205460860468,25.375327820898583,0
2025-11-22 15:50:54.404955,SKU_ROO02,1.046929327658321,28.625010691027533,1
2025-11-22 15:50:54.404955,SKU_ROO03,0.905645004112059,33.322297037335844,0
2025-11-22 15:50:54.404955,SKU_ROO04,1.0060294698242191,20.62048049321942,0
2025-11-23 15:50:54.404955,SKU_BER01,0.8585595396680398,32.00707036087969,0
2025-11-23 15:50:54.404955,SKU_BER02,0.8889995064894622,20.967386405275192,0
2025-11-23 15:50:54.404955,SKU_BER03,1.0428084891316955,28.01129429306488,0
2025-11-23 15:50:54.404955,SKU_BER04,1.056345082983124,17.717045217634574,0
2025-11-23 15:50:54.404955,SKU_LEA01,0.9814514225833821,30.254807481287575,1
2025-11-23 15:50:54.404955,SKU_LEA02,1.0775465809414528,29.069597364400387,0
2025-11-23 15:50:54.404955,SKU_LEA03,0.8521054174549658,33.12191369544372,0
2025-11-23 15:50:54.404955,SKU_LEA04,0.9285351797437608,23.206828803539395,0
2025-11-23 15:50:54.404955,SKU_BAN01,1.0021453977323878,33.77932939581755,0
2025-11-23 15:50:54.404955,SKU_BAN02,0.8848334673191994,17.741641804473694,0
2025-11-23 15:50:54.404955,SKU_BAN03,0.9360595818862454,34.17310385520449,0
2025-11-23 15:50:54.404955,SKU_BAN04,0.9248690861922075,16.421429827282235,1
2025-11-23 15:50:54.404955,SKU_CIT01,0.988795503516342,23.635402714374244,2
2025-11-23 15:50:54.404955,SKU_CIT02,0.9802875684438906,25.34305002299744,1
2025-11-23 15:50:54.404955,SKU_CIT03,1.0366718671090922,22.93550060627773,0
2025-11-23 15:50:54.404955,SKU_CIT04,0.9696405885638556,21.180433768761052,0
2025-11-23 15:50:54.404955,SKU_TOM01,1.057834843235324,20.97404498755647,1
2025-11-23 15:50:54.404955,SKU_TOM02,1.0913344250158308,20.933986944265882,0
2025-11-23 15:50:54.404955,SKU_TOM03,1.0200333993970117,30.294434205232683,0
2025-11-23 15:50:54.404955,SKU_TOM04,1.1260214018464436,17.500243495464332,0
2025-11-23 15:50:54.404955,SKU_ROO01,0.9922460020409061,26.93442715563581,0
2025-11-23 15:50:54.404955,SKU_ROO02,0.9568206100397703,20.223178048968776,0
2025-11-23 15:50:54.404955,SKU_ROO03,1.1082546504705664,15.766760358281891,0
2025-11-23 15:50:54.404955,SKU_ROO04,0.9511585889934986,16.454129332205575,0
2025-11-24 15:50:54.404955,SKU_BER01,0.905216454395602,31.523634533559562,1
2025-11-24 15:50:54.404955,SKU_BER02,1.1031789442364148,29.625374543688068,0
2025-11-24 15:50:54.404955,SKU_BER03,1.068397815055761,16.182751691836156,2
2025-11-24 15:50:54.404955,SKU_BER04,0.9738664154512762,24.822172417239212,0
2025-11-24 15:50:54.404955,SKU_LEA01,0.9411076675392978,16.616532061816926,1
2025-11-24 15:50:54.404955,SKU_LEA02,0.8629804627660936,32.72940559027885,0
2025-11-24 15:50:54.404955,SKU_LEA03,0.9124120335010828,26.67859391012997,1
2025-11-24 15:50:54.404955,SKU_LEA04,1.0680477722031685,19.34425403623775,0
2025-11-24 15:50:54.404955,SKU_BAN01,0.9927557261589143,25.00736824892461,1
2025-11-24 15:50:54.404955,SKU_BAN02,0.8905954517848397,22.04655185686737,0
2025-11-24 15:50:54.404955,SKU_BAN03,1.014795494444982,18.787197200453644,1
2025-11-24 15:50:54.404955,SKU_BAN04,1.1434807923568056,18.175295141812192,0
2025-11-24 15:50:54.404955,SKU_CIT01,1.0641151165163252,27.30627895042158,0
2025-11-24 15:50:54.404955,SKU_CIT02,0.8685616683231053,15.289220578405839,0
2025-11-24 15:50:54.404955,SKU_CIT03,1.1169283192586565,22.775431488094625,0
2025-11-24 15:50:54.404955,SKU_CIT04,0.9795374232000357,30.67589693455971,0
2025-11-24 15:50:54.404955,SKU_TOM01,0.9071378914761894,18.860125881437817,0
2025-11-24 15:50:54.404955,SKU_TOM02,0.8698457568908506,17.24288004342779,0
2025-11-24 15:50:54.404955,SKU_TOM03,1.1494937765662676,34.05899758448383,2
2025-11-24 15:50:54.404955,SKU_TOM04,1.0804852170912835,30.438796856167663,1
2025-11-24 15:50:54.404955,SKU_ROO01,1.0931439885641667,29.404108456416346,0
2025-11-24 15:50:54.404955,SKU_ROO02,0.9479866619244779,17.353163442317168,1
2025-11-24 15:50:54.404955,SKU_ROO03,0.865275640774272,29.46693458438368,1
2025-11-24 15:50:54.404955,SKU_ROO04,0.9293591044626298,22.534030941843994,0
2025-11-25 15:50:54.404955,SKU_BER01,1.072897669480501,17.762232479645622,0
2025-11-25 15:50:54.404955,SKU_BER02,1.0004551482081094,28.784881882902773,1
2025-11-25 15:50:54.404955,SKU_BER03,1.029586714394466,25.812307442757273,0
2025-11-25 15:50:54.404955,SKU_BER04,0.8618873661559306,26.73461312790717,0
2025-11-25 15:50:54.404955,SKU_LEA01,0.9835971065398367,27.372069978088277,0
2025-11-25 15:50:54.404955,SKU_LEA02,1.0874666103953505,28.50942588689834,0
2025-11-25 15:50:54.404955,SKU_LEA03,1.0384130562469225,27.653581364948437,0
2025-11-25 15:50:54.404955,SKU_LEA04,1.1040436961723687,19.03655267045044,0
2025-11-25 15:50:54.404955,SKU_BAN01,0.9447349385921052,28.155426094186133,2
2025-11-25 15:50:54.404955,SKU_BAN02,1.136979401506487,23.458838044376144,0
2025-11-25 15:50:54.404955,SKU_BAN03,0.8539346665219122,26.002992514776864,1
2025-11-25 15:50:54.404955,SKU_BAN04,1.0672290934097806,27.719919389585634,0
2025-11-25 15:50:54.404955,SKU_CIT01,0.98217523385491,26.943367047219507,0
2025-11-25 15:50:54.404955,SKU_CIT02,0.9726718468467932,23.063035851033185,0
2025-11-25 15:50:54.404955,SKU_CIT03,0.9488656990051831,34.3608816456735,0
2025-11-25 15:50:54.404955,SKU_CIT04,1.1192144400660025,31.113297383456086,0
2025-11-25 15:50:54.404955,SKU_TOM01,1.123179297576908,30.15743871132897,2
2025-11-25 15:50:54.404955,SKU_TOM02,1.0099123154513563,27.14719293938252,0
2025-11-25 15:50:54.404955,SKU_TOM03,0.9191878638319493,33.662617956661734,0
2025-11-25 15:50:54.404955,SKU_TOM04,1.0569069139733034,18.05565275997392,0
2025-11-25 15:50:54.404955,SKU_ROO01,1.0305336073357463,33.94971530494429,0
2025-11-25 15:50:54.404955,SKU_ROO02,0.881079972490149,27.87923296467625,1
2025-11-25 15:50:54.404955,SKU_ROO03,1.0107262195234712,34.89336945500378,0
2025-11-25 15:50:54.404955,SKU_ROO04,1.0482373961358271,17.118510287794667,0
2025-11-26 15:50:54.404955,SKU_BER01,0.985627492205246,23.342899820413415,0
2025-11-26 15:50:54.404955,SKU_BER02,0.9730251048116546,26.75870160349704,1
2025-11-26 15:50:54.404955,SKU_BER03,1.0978067166298464,30.188268593540933,1
2025-11-26 15:50:54.404955,SKU_BER04,1.0810330595728945,33.585287872945386,0
2025-11-26 15:50:54.404955,SKU_LEA01,0.919030470392924,19.921170314064913,1
2025-11-26 15:50:54.404955,SKU_LEA02,1.0660335372764842,16.997684024715895,0
2025-11-26 15:50:54.404955,SKU_LEA03,0.9841988993234737,30.162327227784456,0
2025-11-26 15:50:54.404955,SKU_LEA04,0.9420349422423628,18.160271095299805,0
2025-11-26 15:50:54.404955,SKU_BAN01,1.146358858911479,26.243304682107333,0
2025-11-26 15:50:54.404955,SKU_BAN02,0.8784760682968746,30.01496775313391,1
2025-11-26 15:50:54.404955,SKU_BAN03,1.1457366698689855,34.044279452825336,0
2025-11-26 15:50:54.404955,SKU_BAN04,0.9992278337975591,23.54958404615857,0
2025-11-26 15:50:54.404955,SKU_CIT01,0.9758272678713875,22.688101919185115,0
2025-11-26 15:50:54.404955,SKU_CIT02,1.1454790121804843,26.960532101237128,0
2025-11-26 15:50:54.404955,SKU_CIT03,1.1099586947270783,30.63569073096858,0
2025-11-26 15:50:54.404955,SKU_CIT04,0.9337910654563769,15.462823295393587,1
2025-11-26 15:50:54.404955,SKU_TOM01,1.0385164316314344,16.314647452046483,0
2025-11-26 15:50:54.404955,SKU_TOM02,0.9742240030667164,31.72074610187805,0
2025-11-26 15:50:54.404955,SKU_TOM03,1.136778611888769,23.068432990466505,0
2025-11-26 15:50:54.404955,SKU_TOM04,1.1011606027488514,19.138476980922654,2
2025-11-26 15:50:54.404955,SKU_ROO01,1.0282264355986177,29.668235681065703,0
2025-11-26 15:50:54.404955,SKU_ROO02,0.8984440006066665,22.295248350366656,0
2025-11-26 15:50:54.404955,SKU_ROO03,0.9191627149260485,25.15073855144574,1
2025-11-26 15:50:54.404955,SKU_ROO04,0.9410674909645383,30.105594723756028,0
2025-11-27 15:50:54.404955,SKU_BER01,1.0851729849666794,25.436644850858734,0
2025-11-27 15:50:54.404955,SKU_BER02,1.0936671716137631,26.641654694175756,2
2025-11-27 15:50:54.404955,SKU_BER03,0.9708478154629028,25.425285910849286,1
2025-11-27 15:50:54.404955,SKU_BER04,0.9361294760012364,18.557890092512032,0
2025-11-27 15:50:54.404955,SKU_LEA01,1.083014715693465,29.112453348204113,2
2025-11-27 15:50:54.404955,SKU_LEA02,0.9895136619564514,15.833761185876567,0
2025-11-27 15:50:54.404955,SKU_LEA03,1.0818087809526313,28.72264251185606,0
2025-11-27 15:50:54.404955,SKU_LEA04,1.132701142156948,16.20641199123795,1
2025-11-27 15:50:54.404955,SKU_BAN01,1.0922678146522857,16.748866649304905,0
2025-11-27 15:50:54.404955,SKU_BAN02,1.0912710213528392,33.84513068502212,0
2025-11-27 15:50:54.404955,SKU_BAN03,1.0980871736908773,22.174370552567666,0
2025-11-27 15:50:54.404955,SKU_BAN04,1.0441356774015569,15.325362345287893,2
2025-11-27 15:50:54.404955,SKU_CIT01,1.0710242907089698,31.76499574985844,0
2025-11-27 15:50:54.404955,SKU_CIT02,1.037873530111028,21.698085248196083,0
2025-11-27 15:50:54.404955,SKU_CIT03,0.9105284804668887,16.172215282801744,0
2025-11-27 15:50:54.404955,SKU_CIT04,1.1157951278306415,34.21069321168418,2
2025-11-27 15:50:54.404955,SKU_TOM01,0.9340814969368054,28.29226597553432,0
2025-11-27 15:50:54.404955,SKU_TOM02,1.1049460697331681,28.722763011203423,0
2025-11-27 15:50:54.404955,SKU_TOM03,0.9209445341652233,17.16643309521445,2
2025-11-27 15:50:54.404955,SKU_TOM04,1.0035567338476004,16.25414942856962,0
2025-11-27 15:50:54.404955,SKU_ROO01,0.8660803817824687,21.560639026088,1
2025-11-27 15:50:54.404955,SKU_ROO02,0.9779429515249046,21.413551995453627,0
2025-11-27 15:50:54.404955,SKU_ROO03,0.8775454503848722,33.874526533369206,1
2025-11-27 15:50:54.404955,SKU_ROO04,1.033618886954893,34.739496467559086,2
2025-11-28 15:50:54.404955,SKU_BER01,1.0579590772452774,30.575352599323296,1
2025-11-28 15:50:54.404955,SKU_BER02,1.09636240171092,19.39957002599759,1
2025-11-28 15:50:54.404955,SKU_BER03,1.0142881111874893,23.38080697865519,0
2025-11-28 15:50:54.404955,SKU_BER04,0.9145900795234978,29.550651114366055,0
2025-11-28 15:50:54.404955,SKU_LEA01,0.9643336145942568,22.70314548397921,0
2025-11-28 15:50:54.404955,SKU_LEA02,0.9554947726940483,27.317296892280282,0
2025-11-28 15:50:54.404955,SKU_LEA03,1.0382805106851676,15.590699225356463,0
2025-11-28 15:50:54.404955,SKU_LEA04,1.0874517252405627,34.913695622890074,0
2025-11-28 15:50:54.404955,SKU_BAN01,0.9343228667407809,31.765191499227402,2
2025-11-28 15:50:54.404955,SKU_BAN02,0.8973772946111227,19.58565312678711,0
2025-11-28 15:50:54.404955,SKU_BAN03,1.0298395120169521,25.345018423131034,0
2025-11-28 15:50:54.404955,SKU_BAN04,1.0982860257049019,16.02038798931258,0
2025-11-28 15:50:54.404955,SKU_CIT01,0.9589133412251064,20.67762739228563,1
2025-11-28 15:50:54.404955,SKU_CIT02,1.1114782222165926,26.765298014729503,0
2025-11-28 15:50:54.404955,SKU_CIT03,0.9066135459385263,24.18804717239572,0
2025-11-28 15:50:54.404955,SKU_CIT04,0.8769683424602379,31.689039188117015,0
2025-11-28 15:50:54.404955,SKU_TOM01,0.8513128449149213,28.848121479930303,0
2025-11-28 15:50:54.404955,SKU_TOM02,1.0563004520392378,15.963063253826363,1
2025-11-28 15:50:54.404955,SKU_TOM03,0.9009918331330111,17.996451818232934,1
2025-11-28 15:50:54.404955,SKU_TOM04,0.9101470522037501,18.962544426330524,0
2025-11-28 15:50:54.404955,SKU_ROO01,1.0708765100718032,28.93519760853666,0
2025-11-28 15:50:54.404955,SKU_ROO02,0.9255136673208592,27.291257894662465,0
2025-11-28 15:50:54.404955,SKU_ROO03,0.8603750240459926,25.18754193671157,2
2025-11-28 15:50:54.404955,SKU_ROO04,0.8693432429208898,31.56469076632795,0
2025-11-29 15:50:54.404955,SKU_BER01,0.9979011015968433,15.099325026463664,0
2025-11-29 15:50:54.404955,SKU_BER02,0.9326042021547858,26.056260339926094,0
2025-11-29 15:50:54.404955,SKU_BER03,1.0523766586542924,28.989778748257326,0
2025-11-29 15:50:54.404955,SKU_BER04,0.9900930015428588,28.73044972128424,0
2025-11-29 15:50:54.404955,SKU_LEA01,0.9510857440272281,17.236686803198943,0
2025-11-29 15:50:54.404955,SKU_LEA02,0.8986959560637182,31.933506017993015,0
2025-11-29 15:50:54.404955,SKU_LEA03,1.016961302565855,18.418555359072712,1
2025-11-29 15:50:54.404955,SKU_LEA04,0.9269913984147286,31.93949618457716,0
2025-11-29 15:50:54.404955,SKU_BAN01,1.1226796654729791,33.874990703440275,0
2025-11-29 15:50:54.404955,SKU_BAN02,1.1410345071169274,26.02637500080443,0
2025-11-29 15:50:54.404955,SKU_BAN03,1.135521893192149,28.18665341942085,0
2025-11-29 15:50:54.404955,SKU_BAN04,1.1063790607039525,20.865027165072433,0
2025-11-29 15:50:54.404955,SKU_CIT01,1.1329276488866162,32.15177495064259,0
2025-11-29 15:50:54.404955,SKU_CIT02,1.0274619458869483,32.70434727909955,2
2025-11-29 15:50:54.404955,SKU_CIT03,0.8764823068452843,32.858265919827815,1
2025-11-29 15:50:54.404955,SKU_CIT04,1.1432290525109008,16.4343828156763,1
2025-11-29 15:50:54.404955,SKU_TOM01,0.9295439515011249,31.853364772195643,1
2025-11-29 15:50:54.404955,SKU_TOM02,0.9623541175882272,17.93297154283297,0
2025-11-29 15:50:54.404955,SKU_TOM03,1.1399956553593542,28.466130617804616,2
2025-11-29 15:50:54.404955,SKU_TOM04,0.9740271978903459,21.925749653557936,0
2025-11-29 15:50:54.404955,SKU_ROO01,0.8969508945568709,17.435393752828674,0
2025-11-29 15:50:54.404955,SKU_ROO02,0.8737828701657202,25.79716944597553,0
2025-11-29 15:50:54.404955,SKU_ROO03,1.0648208616207357,20.388298717869795,0
2025-11-29 15:50:54.404955,SKU_ROO04,1.0161102140985825,28.499477685276993,1
2025-11-30 15:50:54.404955,SKU_BER01,0.8706214325105806,22.377127033249806,0
2025-11-30 15:50:54.404955,SKU_BER02,0.9760817483895095,32.26395380747853,0
2025-11-30 15:50:54.404955,SKU_BER03,0.9015434665110069,29.993133622729218,1
2025-11-30 15:50:54.404955,SKU_BER04,0.9323189481729681,19.304866724954824,0
2025-11-30 15:50:54.404955,SKU_LEA01,1.01891591336612,31.120450149345523,1
2025-11-30 15:50:54.404955,SKU_LEA02,1.0428396572668495,26.928071096912298,0
2025-11-30 15:50:54.404955,SKU_LEA03,0.9790789486190453,32.49549305718374,2
2025-11-30 15:50:54.404955,SKU_LEA04,1.0015650731015353,22.9041292029477,0
2025-11-30 15:50:54.404955,SKU_BAN01,0.9522499436190259,32.8500290543695,0
2025-11-30 15:50:54.404955,SKU_BAN02,0.980080600220693,34.575708213288095,0
2025-11-30 15:50:54.404955,SKU_BAN03,1.0638005858010022,28.816872475191953,0
2025-11-30 15:50:54.404955,SKU_BAN04,1.120550549539173,20.456448909743735,0
2025-11-30 15:50:54.404955,SKU_CIT01,0.940467865033793,22.850356566901816,2
2025-11-30 15:50:54.404955,SKU_CIT02,1.1491341811306228,28.547192631355465,0
2025-11-30 15:50:54.404955,SKU_CIT03,0.9148145680308909,32.65816917732515,0
2025-11-30 15:50:54.404955,SKU_CIT04,0.8544887499944241,19.424124205237913,0
2025-11-30 15:50:54.404955,SKU_TOM01,1.1043543057826937,27.74441931131838,1
2025-11-30 15:50:54.404955,SKU_TOM02,1.146869857647156,21.97567588039433,0
2025-11-30 15:50:54.404955,SKU_TOM03,1.0713924872025737,15.271461241254237,1
2025-11-30 15:50:54.404955,SKU_TOM04,0.9818072872709102,27.145436389594256,1
2025-11-30 15:50:54.404955,SKU_ROO01,0.9637563850462942,28.91269270136393,0
2025-11-30 15:50:54.404955,SKU_ROO02,0.9586773329331832,27.27734919868014,0
2025-11-30 15:50:54.404955,SKU_ROO03,0.9384216344422571,27.164541913298855,0
2025-11-30 15:50:54.404955,SKU_ROO04,1.0113182805516696,17.05905547667521,0
2025-12-01 15:50:54.404955,SKU_BER01,1.031258949198079,15.222028468576983,1
2025-12-01 15:50:54.404955,SKU_BER02,0.8619834534776593,28.933355118488784,2
2025-12-01 15:50:54.404955,SKU_BER03,1.0272523873206874,31.575661560448395,0
2025-12-01 15:50:54.404955,SKU_BER04,1.0090757575096772,22.0584166797996,0
2025-12-01 15:50:54.404955,SKU_LEA01,0.9788195120147692,32.77584579599444,0
2025-12-01 15:50:54.404955,SKU_LEA02,0.9637859332083156,17.277275069537367,0
2025-12-01 15:50:54.404955,SKU_LEA03,1.0505929154100628,16.809943450221464,0
2025-12-01 15:50:54.404955,SKU_LEA04,0.9065734615591848,20.68360895327665,0
2025-12-01 15:50:54.404955,SKU_BAN01,0.8737779508517748,27.058050727701282,1
2025-12-01 15:50:54.404955,SKU_BAN02,0.9061426230511473,20.289503869994,1
2025-12-01 15:50:54.404955,SKU_BAN03,1.0047511568661396,33.655999077639386,2
2025-12-01 15:50:54.404955,SKU_BAN04,0.9212883284995725,17.453620342019455,0
2025-12-01 15:50:54.404955,SKU_CIT01,1.1232005315174853,33.49267594130808,0
2025-12-01 15:50:54.404955,SKU_CIT02,1.1296888798971843,18.688396834402774,0
2025-12-01 15:50:54.404955,SKU_CIT03,0.9998753654755828,18.638248756437818,0
2025-12-01 15:50:54.404955,SKU_CIT04,0.8722190776225567,33.37990552253966,0
2025-12-01 15:50:54.404955,SKU_TOM01,1.0244547460475582,25.45986350943258,0
2025-12-01 15:50:54.404955,SKU_TOM02,1.0815914539581108,34.37966183420428,0
2025-12-01 15:50:54.404955,SKU_TOM03,1.0350044018825704,24.99956334426777,0
2025-12-01 15:50:54.404955,SKU_TOM04,0.8860229795151711,17.424731037396054,0
2025-12-01 15:50:54.404955,SKU_ROO01,0.9789982318379475,24.86420875691834,0
2025-12-01 15:50:54.404955,SKU_ROO02,0.9764562094630834,24.058123334485025,0
2025-12-01 15:50:54.404955,SKU_ROO03,0.8951636276312577,26.703779673673257,0
2025-12-01 15:50:54.404955,SKU_ROO04,1.1479005721142013,15.122986207489706,2
2025-12-02 15:50:54.404955,SKU_BER01,1.0633455182820295,20.29850602210219,0
2025-12-02 15:50:54.404955,SKU_BER02,1.0962293520334008,33.73436546422295,0
2025-12-02 15:50:54.404955,SKU_BER03,0.9023000948219712,16.086564374244084,0
2025-12-02 15:50:54.404955,SKU_BER04,1.0599258574049273,27.645476932366485,1
2025-12-02 15:50:54.404955,SKU_LEA01,1.1494315817263687,30.966926708453006,0
2025-12-02 15:50:54.404955,SKU_LEA02,1.0737510322788562,19.80367617201287,0
2025-12-02 15:50:54.404955,SKU_LEA03,1.0856256406821263,16.121531385506884,1
2025-12-02 15:50:54.404955,SKU_LEA04,1.0754816803935316,31.88410260501471,0
2025-12-02 15:50:54.404955,SKU_BAN01,0.9986831940455945,27.443539877041232,1
2025-12-02 15:50:54.404955,SKU_BAN02,1.0271632681556195,31.38599597419617,2
2025-12-02 15:50:54.404955,SKU_BAN03,0.9797943310072975,26.422567435820927,0
2025-12-02 15:50:54.404955,SKU_BAN04,0.9571294336154447,18.94319287683993,0
2025-12-02 15:50:54.404955,SKU_CIT01,0.9077115936024176,24.71799171309846,2
2025-12-02 15:50:54.404955,SKU_CIT02,0.994764680747478,18.71849601479365,0
2025-12-02 15:50:54.404955,SKU_CIT03,1.0196206192240735,30.951060094163783,0
2025-12-02 15:50:54.404955,SKU_CIT04,1.081955126641606,17.38395647466852,2
2025-12-02 15:50:54.404955,SKU_TOM01,0.8720732694003908,27.128819002261483,0
2025-12-02 15:50:54.404955,SKU_TOM02,0.8604788878775959,18.71252393446333,0
2025-12-02 15:50:54.404955,SKU_TOM03,1.0960485311221158,26.639868987252814,0
2025-12-02 15:50:54.404955,SKU_TOM04,0.8554837531089529,22.04892668446022,0
2025-12-02 15:50:54.404955,SKU_ROO01,0.9683260076708665,22.73903190817542,2
2025-12-02 15:50:54.404955,SKU_ROO02,1.0591365348760196,30.1740694335969,1
2025-12-02 15:50:54.404955,SKU_ROO03,1.1446777642422667,33.90329497158737,0
2025-12-02 15:50:54.404955,SKU_ROO04,1.114287057843795,30.239474343187958,0
2025-12-03 15:50:54.404955,SKU_BER01,1.1299563603788574,16.967248846997375,1
2025-12-03 15:50:54.404955,SKU_BER02,1.1390147001021695,34.32374538478298,0
2025-12-03 15:50:54.404955,SKU_BER03,0.8945626356644867,17.83614736931526,2
2025-12-03 15:50:54.404955,SKU_BER04,0.944059349442671,34.065026701774954,0
2025-12-03 15:50:54.404955,SKU_LEA01,1.0979417787265364,18.6184328830043,0
2025-12-03 15:50:54.404955,SKU_LEA02,1.1363800359856486,33.1551735718259,0
2025-12-03 15:50:54.404955,SKU_LEA03,1.1082103722315926,18.048344761857066,0
2025-12-03 15:50:54.404955,SKU_LEA04,0.9801127602113405,23.462628249384814,0
2025-12-03 15:50:54.404955,SKU_BAN01,0.9997283274870042,20.700755578088714,0
2025-12-03 15:50:54.404955,SKU_BAN02,1.0085918309793729,30.597917523428286,0
2025-12-03 15:50:54.404955,SKU_BAN03,0.890569963442599,33.285176792321124,0
2025-12-03 15:50:54.404955,SKU_BAN04,0.9786095513808577,24.32021431667876,0
2025-12-03 15:50:54.404955,SKU_CIT01,0.915744102525794,22.966376390479887,0
2025-12-03 15:50:54.404955,SKU_CIT02,0.8517860648213431,34.256423045966926,1
2025-12-03 15:50:54.404955,SKU_CIT03,0.9977858616322548,31.15394874490971,1
2025-12-03 15:50:54.404955,SKU_CIT04,1.1001068210630889,31.018638161175392,0
2025-12-03 15:50:54.404955,SKU_TOM01,0.9536989177785856,25.175414844065752,1
2025-12-03 15:50:54.404955,SKU_TOM02,0.9951207406131457,25.476493173592544,0
2025-12-03 15:50:54.404955,SKU_TOM03,0.9669637616963216,22.46234100857592,0
2025-12-03 15:50:54.404955,SKU_TOM04,0.9643772147666443,19.358505106011776,0
2025-12-03 15:50:54.404955,SKU_ROO01,1.0119556698077845,27.56817532797308,0
2025-12-03 15:50:54.404955,SKU_ROO02,0.9902328483881918,34.87588747051771,1
2025-12-03 15:50:54.404955,SKU_ROO03,0.9258003405051898,19.706132487761636,1
2025-12-03 15:50:54.404955,SKU_ROO04,0.8543782420957706,26.184314956404833,0
2025-12-04 15:50:54.404955,SKU_BER01,0.948594758065702,17.67656394418659,0
2025-12-04 15:50:54.404955,SKU_BER02,1.122282979075891,17.33673310207425,0
2025-12-04 15:50:54.404955,SKU_BER03,1.0478578286739546,31.55525980700271,0
2025-12-04 15:50:54.404955,SKU_BER04,0.861056722527087,31.256025158350816,0
2025-12-04 15:50:54.404955,SKU_LEA01,0.920912538391844,21.304719116978788,0
2025-12-04 15:50:54.404955,SKU_LEA02,1.0974356961522869,34.72123928755035,2
2025-12-04 15:50:54.404955,SKU_LEA03,1.022405529579927,31.42629590873319,2
2025-12-04 15:50:54.404955,SKU_LEA04,0.8869887292378831,32.875171719207,0
2025-12-04 15:50:54.404955,SKU_BAN01,0.8860200803066971,34.57527987601185,0
2025-12-04 15:50:54.404955,SKU_BAN02,0.8697446205489798,20.63139393188901,2
2025-12-04 15:50:54.404955,SKU_BAN03,0.9831299304007972,26.705078994784643,0
2025-12-04 15:50:54.404955,SKU_BAN04,0.9999996321389734,34.39987082934308,2
2025-12-04 15:50:54.404955,SKU_CIT01,1.1366632293731622,23.239323040112545,0
2025-12-04 15:50:54.404955,SKU_CIT02,0.8604830533946619,23.17688038959863,0
2025-12-04 15:50:54.404955,SKU_CIT03,0.9015050734701744,29.87839096871191,0
2025-12-04 15:50:54.404955,SKU_CIT04,0.8640714736201162,19.739425713914656,1
2025-12-04 15:50:54.404955,SKU_TOM01,1.1148008122450492,19.881342884322635,2
2025-12-04 15:50:54.404955,SKU_TOM02,0.8705697778781633,27.646390179973224,1
2025-12-04 15:50:54.404955,SKU_TOM03,1.1188103112238692,21.60293065222107,0
2025-12-04 15:50:54.404955,SKU_TOM04,0.913753797434627,26.079555963758207,0
2025-12-04 15:50:54.404955,SKU_ROO01,1.1333914886750478,29.95634697533147,0
2025-12-04 15:50:54.404955,SKU_ROO02,1.1122093339383479,29.598642826572206,0
2025-12-04 15:50:54.404955,SKU_ROO03,1.1018174207995521,27.069635160603788,0
2025-12-04 15:50:54.404955,SKU_ROO04,1.0518502966862477,24.445608915823172,1
2025-12-05 15:50:54.404955,SKU_BER01,0.9616623954285197,34.87382010437437,0
2025-12-05 15:50:54.404955,SKU_BER02,0.9215538447594853,26.783725610858767,0
2025-12-05 15:50:54.404955,SKU_BER03,0.8764420667719867,19.39772504008934,0
2025-12-05 15:50:54.404955,SKU_BER04,0.9874429244127335,29.36986386658092,1
2025-12-05 15:50:54.404955,SKU_LEA01,0.9753882940211411,21.954574606840907,2
2025-12-05 15:50:54.404955,SKU_LEA02,1.009573316621365,18.365824787392604,0
2025-12-05 15:50:54.404955,SKU_LEA03,1.0700336829910884,32.09003451474453,1
2025-12-05 15:50:54.404955,SKU_LEA04,0.932842131879795,34.71932359970148,0
2025-12-05 15:50:54.404955,SKU_BAN01,1.0406849421670372,25.58319068337798,0
2025-12-05 15:50:54.404955,SKU_BAN02,0.8931237365332371,29.841050582504508,2
2025-12-05 15:50:54.404955,SKU_BAN03,1.0212040810059568,24.50104407756998,1
2025-12-05 15:50:54.404955,SKU_BAN04,0.900267233250549,24.60895508374999,0
2025-12-05 15:50:54.404955,SKU_CIT01,0.9022534253620369,33.78224615758417,0
2025-12-05 15:50:54.404955,SKU_CIT02,1.1469794347821112,22.30463852831378,0
2025-12-05 15:50:54.404955,SKU_CIT03,1.0264659963556841,20.32358515180879,0
2025-12-05 15:50:54.404955,SKU_CIT04,0.8830016718114467,22.28591603013657,1
2025-12-05 15:50:54.404955,SKU_TOM01,0.9367268932678146,23.878464502211287,1
2025-12-05 15:50:54.404955,SKU_TOM02,0.8956097211095416,27.46305478903823,1
2025-12-05 15:50:54.404955,SKU_TOM03,0.8816438864037164,23.22137554703398,0
2025-12-05 15:50:54.404955,SKU_TOM04,1.0415203286767327,18.044710851391713,0
2025-12-05 15:50:54.404955,SKU_ROO01,0.9302641006386638,29.71795423292656,0
2025-12-05 15:50:54.404955,SKU_ROO02,1.0479086349843794,18.615423631639104,0
2025-12-05 15:50:54.404955,SKU_ROO03,0.9629895734926326,28.615033625908723,0
2025-12-05 15:50:54.404955,SKU_ROO04,1.0894805761943414,29.888115531422574,2
2025-12-06 15:50:54.404955,SKU_BER01,1.0058846630185672,19.078267656891292,0
2025-12-06 15:50:54.404955,SKU_BER02,0.9166143977281815,16.088973725191874,0
2025-12-06 15:50:54.404955,SKU_BER03,0.9981049708506853,20.478190423616894,0
2025-12-06 15:50:54.404955,SKU_BER04,1.1308639998115,21.573121920757696,0
2025-12-06 15:50:54.404955,SKU_LEA01,0.8690052002054051,26.787684738495475,0
2025-12-06 15:50:54.404955,SKU_LEA02,0.9494522250913697,15.975929758627785,0
2025-12-06 15:50:54.404955,SKU_LEA03,0.9122909502745801,33.734721598973216,0
2025-12-06 15:50:54.404955,SKU_LEA04,1.0762903914709443,21.947457086638963,0
2025-12-06 15:50:54.404955,SKU_BAN01,0.8521864818469187,25.992583729590457,0
2025-12-06 15:50:54.404955,SKU_BAN02,1.0773927429839345,22.069051822306747,0
2025-12-06 15:50:54.404955,SKU_BAN03,1.0909141946376553,29.775494984402805,0
2025-12-06 15:50:54.404955,SKU_BAN04,1.0130292143879085,22.47084761974994,0
2025-12-06 15:50:54.404955,SKU_CIT01,0.8725885971059432,26.88442754553244,0
2025-12-06 15:50:54.404955,SKU_CIT02,1.0707152390470078,18.68711189314678,1
2025-12-06 15:50:54.404955,SKU_CIT03,1.068071952890518,20.12390650926733,0
2025-12-06 15:50:54.404955,SKU_CIT04,0.9064868231483264,26.88869757977755,1
2025-12-06 15:50:54.404955,SKU_TOM01,1.0169922361922832,21.872885441475113,0
2025-12-06 15:50:54.404955,SKU_TOM02,1.1327462995742086,31.93378429501547,0
2025-12-06 15:50:54.404955,SKU_TOM03,1.020382040173992,20.26696286571871,1
2025-12-06 15:50:54.404955,SKU_TOM04,1.1329173817418603,33.41050573079445,1
2025-12-06 15:50:54.404955,SKU_ROO01,0.9167422031685953,24.862672993935128,0
2025-12-06 15:50:54.404955,SKU_ROO02,0.8955508748474205,29.516482097026888,1
2025-12-06 15:50:54.404955,SKU_ROO03,0.991947369381574,21.341467534210526,1
2025-12-06 15:50:54.404955,SKU_ROO04,0.9981298654686539,31.20079422925539,0
2025-12-07 15:50:54.404955,SKU_BER01,0.8911202416435569,26.572090742174623,0
2025-12-07 15:50:54.404955,SKU_BER02,1.108500301039819,23.919899763019668,0
2025-12-07 15:50:54.404955,SKU_BER03,1.0119775250968999,25.9762786824905,0
2025-12-07 15:50:54.404955,SKU_BER04,0.8899575174532336,24.188705873374918,2
2025-12-07 15:50:54.404955,SKU_LEA01,0.9808967563494385,18.06814979293728,0
2025-12-07 15:50:54.404955,SKU_LEA02,0.9353027095750225,34.0771561655684,0
2025-12-07 15:50:54.404955,SKU_LEA03,0.9182638490567848,23.31750573380357,0
2025-12-07 15:50:54.404955,SKU_LEA04,0.8809754973187873,31.565045867485576,0
2025-12-07 15:50:54.404955,SKU_BAN01,1.0797585075535354,34.36665863707074,0
2025-12-07 15:50:54.404955,SKU_BAN02,1.0955967324044924,19.13001159086421,1
2025-12-07 15:50:54.404955,SKU_BAN03,1.0754021729292558,25.00367392984269,1
2025-12-07 15:50:54.404955,SKU_BAN04,1.0835786484601955,20.542744992849073,0
2025-12-07 15:50:54.404955,SKU_CIT01,1.0875181610520932,23.237765440642043,2
2025-12-07 15:50:54.404955,SKU_CIT02,0.8860013762417461,18.20188078173925,0
2025-12-07 15:50:54.404955,SKU_CIT03,0.9967921203126054,19.775209446259996,0
2025-12-07 15:50:54.404955,SKU_CIT04,1.0321702997633355,29.787398205873004,0
2025-12-07 15:50:54.404955,SKU_TOM01,0.878397917992671,24.468273426413383,1
2025-12-07 15:50:54.404955,SKU_TOM02,0.8824445319181469,23.26661647599834,2
2025-12-07 15:50:54.404955,SKU_TOM03,1.00687632910158,33.31601546470305,0
2025-12-07 15:50:54.404955,SKU_TOM04,0.9092037982296172,16.757804952495068,2
2025-12-07 15:50:54.404955,SKU_ROO01,1.0238784653407775,23.339082165345324,0
2025-12-07 15:50:54.404955,SKU_ROO02,1.020782563773913,25.976512321138774,0
2025-12-07 15:50:54.404955,SKU_ROO03,0.9950437579598094,29.969645091148408,0
2025-12-07 15:50:54.404955,SKU_ROO04,0.976351093927947,26.760518046953347,0
2025-12-08 15:50:54.404955,SKU_BER01,1.0661331951089341,34.36224274336179,0
2025-12-08 15:50:54.404955,SKU_BER02,1.0630388054155475,21.374475141793916,0
2025-12-08 15:50:54.404955,SKU_BER03,0.9946452209038746,27.715156025611964,0
2025-12-08 15:50:54.404955,SKU_BER04,0.99915509327076,31.21287051837684,0
2025-12-08 15:50:54.404955,SKU_LEA01,0.996833506177432,19.71069153503614,0
2025-12-08 15:50:54.404955,SKU_LEA02,1.1012269313818785,18.2907482450424,0
2025-12-08 15:50:54.404955,SKU_LEA03,0.8786686500709143,26.460396900627252,1
2025-12-08 15:50:54.404955,SKU_LEA04,1.08606486077562,18.213208297021833,0
2025-12-08 15:50:54.404955,SKU_BAN01,0.897051729126958,32.338091482232315,0
2025-12-08 15:50:54.404955,SKU_BAN02,0.8871316341224701,27.272988508491782,0
2025-12-08 15:50:54.404955,SKU_BAN03,0.8633206748230464,29.428650451776086,0
2025-12-08 15:50:54.404955,SKU_BAN04,0.9659753977754779,20.303164934033273,0
2025-12-08 15:50:54.404955,SKU_CIT01,0.9915603178257715,21.857008849914248,0
2025-12-08 15:50:54.404955,SKU_CIT02,0.86752716604703,25.486526029741604,1
2025-12-08 15:50:54.404955,SKU_CIT03,0.9120053728158104,23.494923676840074,0
2025-12-08 15:50:54.404955,SKU_CIT04,1.0556718218145114,22.48377066552151,2
2025-12-08 15:50:54.404955,SKU_TOM01,0.9195643829651924,31.121292512166832,1
2025-12-08 15:50:54.404955,SKU_TOM02,1.0873908741379068,25.012273523076498,1
2025-12-08 15:50:54.404955,SKU_TOM03,1.143571076731998,24.395783775907013,0
2025-12-08 15:50:54.404955,SKU_TOM04,1.048865259788749,20.88979512129623,1
2025-12-08 15:50:54.404955,SKU_ROO01,1.0973130947906904,30.162076829113303,0
2025-12-08 15:50:54.404955,SKU_ROO02,1.022505202559227,18.17904521807503,0
2025-12-08 15:50:54.404955,SKU_ROO03,0.9737522129550888,19.8866036212733,0
2025-12-08 15:50:54.404955,SKU_ROO04,1.1330083756727825,33.63809650787819,1
2025-12-09 15:50:54.404955,SKU_BER01,1.127234846341411,33.74879088105112,0
2025-12-09 15:50:54.404955,SKU_BER02,1.1137188984401307,29.245211276026264,1
2025-12-09 15:50:54.404955,SKU_BER03,1.1261034643882093,26.37114625783382,1
2025-12-09 15:50:54.404955,SKU_BER04,1.074070816084861,16.468857922686155,0
2025-12-09 15:50:54.404955,SKU_LEA01,0.9468624509780003,20.411201955725662,1
2025-12-09 15:50:54.404955,SKU_LEA02,0.9836820246068889,25.124352736636315,1
2025-12-09 15:50:54.404955,SKU_LEA03,1.0557456526739442,19.16965486657957,0
2025-12-09 15:50:54.404955,SKU_LEA04,0.9672809756815776,16.70315472438335,0
2025-12-09 15:50:54.404955,SKU_BAN01,0.993577164217067,20.305475247799123,0
2025-12-09 15:50:54.404955,SKU_BAN02,0.9721455924172091,30.716523846863808,2
2025-12-09 15:50:54.404955,SKU_BAN03,1.0400682523506086,27.746791564058448,0
2025-12-09 15:50:54.404955,SKU_BAN04,0.8844329317862827,26.74178170991601,1
2025-12-09 15:50:54.404955,SKU_CIT01,1.045947505445738,30.330692116650987,0
2025-12-09 15:50:54.404955,SKU_CIT02,0.8812747652069536,15.920998413974832,1
2025-12-09 15:50:54.404955,SKU_CIT03,0.9642124889796709,15.740238326755263,0
2025-12-09 15:50:54.404955,SKU_CIT04,1.135000466502896,15.068626915109043,1
2025-12-09 15:50:54.404955,SKU_TOM01,0.9740112690490458,21.340720751942506,1
2025-12-09 15:50:54.404955,SKU_TOM02,1.042996235461396,27.90070065262718,0
2025-12-09 15:50:54.404955,SKU_TOM03,1.1385358880498777,26.06937051226948,1
2025-12-09 15:50:54.404955,SKU_TOM04,0.8572650757955568,34.12865511431825,0
2025-12-09 15:50:54.404955,SKU_ROO01,0.8845206011215783,21.741716276238495,1
2025-12-09 15:50:54.404955,SKU_ROO02,1.1156979387148234,33.65135862040518,0
2025-12-09 15:50:54.404955,SKU_ROO03,1.0404972990853119,31.61441456003449,2
2025-12-09 15:50:54.404955,SKU_ROO04,1.128807048522836,27.306915199490753,0
2025-12-10 15:50:54.404955,SKU_BER01,1.061405614920149,33.91027561099477,1
2025-12-10 15:50:54.404955,SKU_BER02,1.064529607301549,23.249184679635235,1
2025-12-10 15:50:54.404955,SKU_BER03,0.9314396520065733,24.084117567409844,1
2025-12-10 15:50:54.404955,SKU_BER04,0.9682595376091003,25.45967301598455,0
2025-12-10 15:50:54.404955,SKU_LEA01,1.0958088089044133,20.940982541579004,0
2025-12-10 15:50:54.404955,SKU_LEA02,1.111776057933258,31.418166611738947,0
2025-12-10 15:50:54.404955,SKU_LEA03,0.9225570199382047,22.258973797007926,0
2025-12-10 15:50:54.404955,SKU_LEA04,1.1258251477340253,17.918034055814797,1
2025-12-10 15:50:54.404955,SKU_BAN01,0.9373986197241031,24.223128326499598,0
2025-12-10 15:50:54.404955,SKU_BAN02,1.078867380944063,29.184174025373064,0
2025-12-10 15:50:54.404955,SKU_BAN03,0.9179869357403672,25.89448180558197,0
2025-12-10 15:50:54.404955,SKU_BAN04,0.9471884338754734,18.60963494574364,2
2025-12-10 15:50:54.404955,SKU_CIT01,0.8956358682584032,19.582874459108904,0
2025-12-10 15:50:54.404955,SKU_CIT02,1.00880040294094,22.109640715978863,0
2025-12-10 15:50:54.404955,SKU_CIT03,1.11740565005476,33.30570194605495,0
2025-12-10 15:50:54.404955,SKU_CIT04,1.0876072753564805,22.01682000317287,0
2025-12-10 15:50:54.404955,SKU_TOM01,0.8881102934613528,27.48681576721883,0
2025-12-10 15:50:54.404955,SKU_TOM02,0.9002547283190698,27.241719815720103,2
2025-12-10 15:50:54.404955,SKU_TOM03,0.8727389395533032,24.28531840602497,1
2025-12-10 15:50:54.404955,SKU_TOM04,1.0862275041319684,34.07813731345953,2
2025-12-10 15:50:54.404955,SKU_ROO01,0.9245051522228522,25.893245202893723,0
2025-12-10 15:50:54.404955,SKU_ROO02,0.8670650210058377,23.50930466729448,0
2025-12-10 15:50:54.404955,SKU_ROO03,0.8778723552492951,33.91307913762207,2
2025-12-10 15:50:54.404955,SKU_ROO04,1.058144704954696,33.18096039380556,1
2025-12-11 15:50:54.404955,SKU_BER01,1.0999744686902937,32.562942394797986,1
2025-12-11 15:50:54.404955,SKU_BER02,0.9170810173103402,21.897823556681466,1
2025-12-11 15:50:54.404955,SKU_BER03,0.8624305106492751,16.39183183616751,0
2025-12-11 15:50:54.404955,SKU_BER04,1.0306613562923972,19.231554986441733,2
2025-12-11 15:50:54.404955,SKU_LEA01,0.9688695200244409,23.236133322937487,0
2025-12-11 15:50:54.404955,SKU_LEA02,0.9890404217639512,21.7177604653669,1
2025-12-11 15:50:54.404955,SKU_LEA03,0.9864066654693119,30.490208575375668,0
2025-12-11 15:50:54.404955,SKU_LEA04,0.9470746820592343,15.9029554993477,0
2025-12-11 15:50:54.404955,SKU_BAN01,0.8713730705144731,15.805891492928135,0
2025-12-11 15:50:54.404955,SKU_BAN02,1.1140483116260995,26.776575672260407,0
2025-12-11 15:50:54.404955,SKU_BAN03,1.0244016604164001,28.23392149486937,0
2025-12-11 15:50:54.404955,SKU_BAN04,0.8810772607521066,20.394803894862065,0
2025-12-11 15:50:54.404955,SKU_CIT01,0.8778321065752115,15.218619600805427,0
2025-12-11 15:50:54.404955,SKU_CIT02,0.9918865982684967,17.445246222852884,1
2025-12-11 15:50:54.404955,SKU_CIT03,0.9115324589106286,29.33201537220649,0
2025-12-11 15:50:54.404955,SKU_CIT04,0.8683876498973472,31.984572226169334,1
2025-12-11 15:50:54.404955,SKU_TOM01,1.015894502362261,33.15408888582729,1
2025-12-11 15:50:54.404955,SKU_TOM02,1.0376722464706036,16.279549711855445,0
2025-12-11 15:50:54.404955,SKU_TOM03,0.9832707450378354,34.38420843661142,0
2025-12-11 15:50:54.404955,SKU_TOM04,0.9429833937114225,33.33426325433604,0
2025-12-11 15:50:54.404955,SKU_ROO01,1.1057994274796954,21.220783289099266,0
2025-12-11 15:50:54.404955,SKU_ROO02,0.9345257966897955,24.36508028058108,1
2025-12-11 15:50:54.404955,SKU_ROO03,0.8740711476147915,24.76230882398785,1
2025-12-11 15:50:54.404955,SKU_ROO04,1.1479403566099777,24.683057512630786,2
2025-12-12 15:50:54.404955,SKU_BER01,1.1324185404005918,29.551377515993448,2
2025-12-12 15:50:54.404955,SKU_BER02,0.8644760348041858,25.157256319590253,1
2025-12-12 15:50:54.404955,SKU_BER03,1.066495546066435,28.870406593580533,0
2025-12-12 15:50:54.404955,SKU_BER04,1.0774655153418717,20.79543181244184,0
2025-12-12 15:50:54.404955,SKU_LEA01,0.9045230163480265,32.178955115445405,0
2025-12-12 15:50:54.404955,SKU_LEA02,0.922323757906256,31.19793800057667,2
2025-12-12 15:50:54.404955,SKU_LEA03,0.9976037670067457,19.616971453726755,0
2025-12-12 15:50:54.404955,SKU_LEA04,0.9924840821728069,23.558417962677503,2
2025-12-12 15:50:54.404955,SKU_BAN01,0.9359348354840795,17.95852093521833,0
2025-12-12 15:50:54.404955,SKU_BAN02,1.0622233809609616,25.794774395646293,0
2025-12-12 15:50:54.404955,SKU_BAN03,0.8680292749991141,29.0153865037814,0
2025-12-12 15:50:54.404955,SKU_BAN04,0.8582902580135391,18.395584013016368,0
2025-12-12 15:50:54.404955,SKU_CIT01,1.0161172134024512,16.57609932703617,0
2025-12-12 15:50:54.404955,SKU_CIT02,0.8752090999269844,30.57410549959227,2
2025-12-12 15:50:54.404955,SKU_CIT03,0.9617724885763116,21.763937214019265,0
2025-12-12 15:50:54.404955,SKU_CIT04,1.0521339207211298,31.168627986439134,1
2025-12-12 15:50:54.404955,SKU_TOM01,1.1247858851813632,22.948729359497804,0
2025-12-12 15:50:54.404955,SKU_TOM02,1.029045248667238,30.38341798808881,0
2025-12-12 15:50:54.404955,SKU_TOM03,0.9470356155407811,27.175749466485584,0
2025-12-12 15:50:54.404955,SKU_TOM04,0.9214614935109113,34.48769595288231,1
2025-12-12 15:50:54.404955,SKU_ROO01,1.011830413220095,17.377522152718065,0
2025-12-12 15:50:54.404955,SKU_ROO02,1.0800646628284256,18.76663391923103,0
2025-12-12 15:50:54.404955,SKU_ROO03,0.8635982786438003,24.82091078191301,2
2025-12-12 15:50:54.404955,SKU_ROO04,0.9896667389482539,26.476309188110896,0
2025-12-13 15:50:54.404955,SKU_BER01,1.1181533561467503,23.406580323335476,1
2025-12-13 15:50:54.404955,SKU_BER02,1.0269662985642036,31.102195202338514,0
2025-12-13 15:50:54.404955,SKU_BER03,1.0042871971215603,26.323325911357234,0
2025-12-13 15:50:54.404955,SKU_BER04,0.8838195533235867,21.294723277439953,0
2025-12-13 15:50:54.404955,SKU_LEA01,1.0783200373338246,24.66610088255463,0
2025-12-13 15:50:54.404955,SKU_LEA02,1.1083197805570861,22.248192757455953,0
2025-12-13 15:50:54.404955,SKU_LEA03,0.9083999891690436,17.845567287312814,1
2025-12-13 15:50:54.404955,SKU_LEA04,1.0194607325252183,18.07690193673733,1
2025-12-13 15:50:54.404955,SKU_BAN01,1.0736773906743489,17.81479633785524,0
2025-12-13 15:50:54.404955,SKU_BAN02,1.1084656899206218,33.85184769834149,1
2025-12-13 15:50:54.404955,SKU_BAN03,1.056767537779569,27.422298175821016,2
2025-12-13 15:50:54.404955,SKU_BAN04,1.0045225801663673,31.774082356447163,0
2025-12-13 15:50:54.404955,SKU_CIT01,1.0959190122204272,30.319705275269065,2
2025-12-13 15:50:54.404955,SKU_CIT02,1.0969696895415673,32.00720003236822,1
2025-12-13 15:50:54.404955,SKU_CIT03,1.0045980213144556,20.038771418080916,0
2025-12-13 15:50:54.404955,SKU_CIT04,1.1203947713316629,25.801263550689683,0
2025-12-13 15:50:54.404955,SKU_TOM01,1.1278497035802235,21.85376665637125,0
2025-12-13 15:50:54.404955,SKU_TOM02,1.0342923405520137,16.134256437296393,0
2025-12-13 15:50:54.404955,SKU_TOM03,1.1213899936290188,34.3000959755689,2
2025-12-13 15:50:54.404955,SKU_TOM04,0.8883179681005761,18.041462643114645,2
2025-12-13 15:50:54.404955,SKU_ROO01,0.8586463586280518,27.886693312276773,1
2025-12-13 15:50:54.404955,SKU_ROO02,1.028435742145165,20.606152906580775,0
2025-12-13 15:50:54.404955,SKU_ROO03,0.8868340994268824,28.843532885400194,0
2025-12-13 15:50:54.404955,SKU_ROO04,1.1002211942297364,16.10475928985786,0
2025-12-14 15:50:54.404955,SKU_BER01,1.0504332073528095,29.156996838154292,1
2025-12-14 15:50:54.404955,SKU_BER02,0.8703640190080878,16.664310870987332,0
2025-12-14 15:50:54.404955,SKU_BER03,1.1382065936711019,33.59329407753342,1
2025-12-14 15:50:54.404955,SKU_BER04,0.9785359776259809,33.3576223426,2
2025-12-14 15:50:54.404955,SKU_LEA01,0.8863987062078846,16.47165252652023,0
2025-12-14 15:50:54.404955,SKU_LEA02,0.9360384744156814,22.312171669187247,1
2025-12-14 15:50:54.404955,SKU_LEA03,0.9324525451918013,16.03167043205207,0
2025-12-14 15:50:54.404955,SKU_LEA04,1.0598320679539273,23.202049407903335,2
2025-12-14 15:50:54.404955,SKU_BAN01,0.8641909617556104,27.665706493670523,0
2025-12-14 15:50:54.404955,SKU_BAN02,1.0583763791204457,19.66676930867491,0
2025-12-14 15:50:54.404955,SKU_BAN03,1.0896848244765323,17.68948330790966,1
2025-12-14 15:50:54.404955,SKU_BAN04,0.9964451898616506,28.99291048960965,0
2025-12-14 15:50:54.404955,SKU_CIT01,1.069445032120347,19.72809499961376,0
2025-12-14 15:50:54.404955,SKU_CIT02,0.8527055865096884,28.439785963214426,0
2025-12-14 15:50:54.404955,SKU_CIT03,1.1133037282124387,20.740891815231198,0
2025-12-14 15:50:54.404955,SKU_CIT04,0.8616109486212329,25.627578771672276,0
2025-12-14 15:50:54.404955,SKU_TOM01,0.9604582104818566,23.994978635713238,0
2025-12-14 15:50:54.404955,SKU_TOM02,0.9341658476518273,31.58274847871549,1
2025-12-14 15:50:54.404955,SKU_TOM03,0.9222716369848806,25.976136365658945,0
2025-12-14 15:50:54.404955,SKU_TOM04,0.8734077653250727,26.39568604309269,0
2025-12-14 15:50:54.404955,SKU_ROO01,0.9445444393822466,18.249459907679718,0
2025-12-14 15:50:54.404955,SKU_ROO02,1.1025747394644445,15.586726334676612,1
2025-12-14 15:50:54.404955,SKU_ROO03,0.868627504371714,33.759944649616074,0
2025-12-14 15:50:54.404955,SKU_ROO04,1.0540628528062461,15.863784492277757,1
2025-12-15 15:50:54.404955,SKU_BER01,1.0860468959076113,26.359400520730237,2
2025-12-15 15:50:54.404955,SKU_BER02,0.8655496510937567,25.353093637899907,0
2025-12-15 15:50:54.404955,SKU_BER03,0.9996074109576147,34.47780274294693,0
2025-12-15 15:50:54.404955,SKU_BER04,1.1306285909802587,30.247198740140224,0
2025-12-15 15:50:54.404955,SKU_LEA01,0.8701628087280153,27.311669568319132,1
2025-12-15 15:50:54.404955,SKU_LEA02,1.0771785413220554,27.46459005882009,0
2025-12-15 15:50:54.404955,SKU_LEA03,0.9108455505308598,15.005562129529535,0
2025-12-15 15:50:54.404955,SKU_LEA04,0.88429464514782,19.462031732545213,2
2025-12-15 15:50:54.404955,SKU_BAN01,1.0846989581640463,19.687336386538007,1
2025-12-15 15:50:54.404955,SKU_BAN02,0.9461051297027605,25.13877613759611,0
2025-12-15 15:50:54.404955,SKU_BAN03,0.872717676182192,32.37101038683832,0
2025-12-15 15:50:54.404955,SKU_BAN04,0.8581209572533028,27.116751805664585,0
2025-12-15 15:50:54.404955,SKU_CIT01,1.0842458706992697,25.70996809833772,2
2025-12-15 15:50:54.404955,SKU_CIT02,0.9071944917136742,29.713610806765764,1
2025-12-15 15:50:54.404955,SKU_CIT03,0.8868684245876558,29.715906591776886,0
2025-12-15 15:50:54.404955,SKU_CIT04,1.0515589296270045,20.44175959783087,0
2025-12-15 15:50:54.404955,SKU_TOM01,0.9527031058990658,15.964926872531644,0
2025-12-15 15:50:54.404955,SKU_TOM02,0.8786739290808395,19.970707847840792,1
2025-12-15 15:50:54.404955,SKU_TOM03,0.9345331699609245,31.91980523476768,1
2025-12-15 15:50:54.404955,SKU_TOM04,1.129932326976972,24.16380024712793,0
2025-12-15 15:50:54.404955,SKU_ROO01,1.1141773016629744,16.523726763475427,0
2025-12-15 15:50:54.404955,SKU_ROO02,0.9809800336155341,24.946655358064458,1
2025-12-15 15:50:54.404955,SKU_ROO03,0.9384944395770615,15.071572809279631,0
2025-12-15 15:50:54.404955,SKU_ROO04,1.0760259588736218,17.12286213887743,0
2025-12-16 15:50:54.404955,SKU_BER01,1.1071636117895762,32.37551539186676,0
2025-12-16 15:50:54.404955,SKU_BER02,1.0766833744986943,17.506974437341366,0
2025-12-16 15:50:54.404955,SKU_BER03,1.073469283575117,28.38322170620454,0
2025-12-16 15:50:54.404955,SKU_BER04,0.8993546516866564,23.47287253259133,1
2025-12-16 15:50:54.404955,SKU_LEA01,1.0287738081831717,22.883012154466925,0
2025-12-16 15:50:54.404955,SKU_LEA02,0.9074065479953666,33.03679436289663,0
2025-12-16 15:50:54.404955,SKU_LEA03,1.0636032736860535,16.135563107417504,0
2025-12-16 15:50:54.404955,SKU_LEA04,1.1317373717607826,26.01719327457134,0
2025-12-16 15:50:54.404955,SKU_BAN01,0.9540590027983423,23.819840212957587,0
2025-12-16 15:50:54.404955,SKU_BAN02,1.0169625153003294,15.054361558039073,0
2025-12-16 15:50:54.404955,SKU_BAN03,1.07789196561954,29.554985195855103,1
2025-12-16 15:50:54.404955,SKU_BAN04,0.9967583028650566,15.160730721392031,0
2025-12-16 15:50:54.404955,SKU_CIT01,1.068892477398105,30.344438764360778,1
2025-12-16 15:50:54.404955,SKU_CIT02,1.1499774933724598,17.445022963115314,1
2025-12-16 15:50:54.404955,SKU_CIT03,0.9459596953861741,29.432901934638654,0
2025-12-16 15:50:54.404955,SKU_CIT04,0.9408643292092305,34.833850377194196,1
2025-12-16 15:50:54.404955,SKU_TOM01,1.0394491258902652,32.39954598779756,0
2025-12-16 15:50:54.404955,SKU_TOM02,0.9939307508782389,31.6123290372687,0
2025-12-16 15:50:54.404955,SKU_TOM03,1.112664515064161,25.199086934377828,0
2025-12-16 15:50:54.404955,SKU_TOM04,1.0893784703752214,23.25175099958983,0
2025-12-16 15:50:54.404955,SKU_ROO01,0.9118567699492132,20.508478720136015,0
2025-12-16 15:50:54.404955,SKU_ROO02,1.0479958596415602,32.970092918313696,0
2025-12-16 15:50:54.404955,SKU_ROO03,1.1298748222088417,31.115473388482144,0
2025-12-16 15:50:54.404955,SKU_ROO04,0.9027664572803412,29.24685901963527,2
2025-12-17 15:50:54.404955,SKU_BER01,1.087784569765938,19.65620030221254,1
2025-12-17 15:50:54.404955,SKU_BER02,0.9301334180033328,17.536553892438615,1
2025-12-17 15:50:54.404955,SKU_BER03,1.0243809916661883,23.841859158218842,0
2025-12-17 15:50:54.404955,SKU_BER04,1.1112142719669857,31.254060506782558,0
2025-12-17 15:50:54.404955,SKU_LEA01,1.0703592892430673,23.38518196089116,1
2025-12-17 15:50:54.404955,SKU_LEA02,0.9778697699349637,22.62601084854567,0
2025-12-17 15:50:54.404955,SKU_LEA03,0.9063513228029709,28.920638145305844,2
2025-12-17 15:50:54.404955,SKU_LEA04,1.0620269266835418,24.98724264155924,2
2025-12-17 15:50:54.404955,SKU_BAN01,1.0892751188962395,23.68324276797679,0
2025-12-17 15:50:54.404955,SKU_BAN02,1.031748177526879,24.376123067516158,1
2025-12-17 15:50:54.404955,SKU_BAN03,1.1271765511252563,20.937679046714265,1
2025-12-17 15:50:54.404955,SKU_BAN04,1.0922126282250157,34.75519040639662,1
2025-12-17 15:50:54.404955,SKU_CIT01,0.9644906704903331,23.304344729610747,0
2025-12-17 15:50:54.404955,SKU_CIT02,0.9546505226329536,16.797933063573268,0
2025-12-17 15:50:54.404955,SKU_CIT03,0.9627583022395143,16.919111018075828,0
2025-12-17 15:50:54.404955,SKU_CIT04,0.9419789665347935,33.93600759836643,0
2025-12-17 15:50:54.404955,SKU_TOM01,1.0465064044826793,28.676400933045294,1
2025-12-17 15:50:54.404955,SKU_TOM02,0.909194532281751,15.512224167542598,0
2025-12-17 15:50:54.404955,SKU_TOM03,0.8856949172304713,24.07083661463951,1
2025-12-17 15:50:54.404955,SKU_TOM04,1.0275043611106063,28.274834346451048,2
2025-12-17 15:50:54.404955,SKU_ROO01,1.1305993525048825,18.972471541771544,0
2025-12-17 15:50:54.404955,SKU_ROO02,1.0179574217983225,33.83744163701834,0
2025-12-17 15:50:54.404955,SKU_ROO03,0.918271580397377,22.379497426923322,0
2025-12-17 15:50:54.404955,SKU_ROO04,1.1360249720912672,24.24113322936192,0
2025-12-18 15:50:54.404955,SKU_BER01,1.1351240526065924,18.154290967583616,0
2025-12-18 15:50:54.404955,SKU_BER02,0.9702772473458571,27.939035131641475,2
2025-12-18 15:50:54.404955,SKU_BER03,0.8968489217561133,15.471615705368592,0
2025-12-18 15:50:54.404955,SKU_BER04,1.1126397989945043,23.06940034332594,1
2025-12-18 15:50:54.404955,SKU_LEA01,1.1307960599972413,18.339883328577024,0
2025-12-18 15:50:54.404955,SKU_LEA02,0.983605692511472,18.581674600935496,0
2025-12-18 15:50:54.404955,SKU_LEA03,0.8974474353541012,32.29000238691057,0
2025-12-18 15:50:54.404955,SKU_LEA04,1.0883254905332809,27.914009008287934,0
2025-12-18 15:50:54.404955,SKU_BAN01,1.0852179132668485,31.41409540523563,0
2025-12-18 15:50:54.404955,SKU_BAN02,0.9706063336445421,26.100569866675837,0
2025-12-18 15:50:54.404955,SKU_BAN03,1.013097778805577,24.954303164478578,1
2025-12-18 15:50:54.404955,SKU_BAN04,1.1010202039578716,25.765787640607332,2
2025-12-18 15:50:54.404955,SKU_CIT01,1.0085570114990612,22.316963027209223,0
2025-12-18 15:50:54.404955,SKU_CIT02,1.0712352861613557,26.432816654481595,0
2025-12-18 15:50:54.404955,SKU_CIT03,0.9313488070041954,15.741880608931298,0
2025-12-18 15:50:54.404955,SKU_CIT04,0.9749100823158989,30.231285041627807,0
2025-12-18 15:50:54.404955,SKU_TOM01,1.0867539606187024,30.63376946804773,0
2025-12-18 15:50:54.404955,SKU_TOM02,0.8955086002272848,24.960031374324394,0
2025-12-18 15:50:54.404955,SKU_TOM03,1.010437759619953,22.101907004783325,2
2025-12-18 15:50:54.404955,SKU_TOM04,0.9428647066066362,25.472096548125478,1
2025-12-18 15:50:54.404955,SKU_ROO01,0.8814752332264431,17.645987041586892,0
2025-12-18 15:50:54.404955,SKU_ROO02,1.067136623901506,21.646806070717787,0
2025-12-18 15:50:54.404955,SKU_ROO03,0.8696609137298031,22.472396021197618,0
2025-12-18 15:50:54.404955,SKU_ROO04,1.0970524498122758,17.568159036856905,0
2025-12-19 15:50:54.404955,SKU_BER01,0.8859190294297024,22.52020684692542,1
2025-12-19 15:50:54.404955,SKU_BER02,0.9270452759330519,25.53996014091383,2
2025-12-19 15:50:54.404955,SKU_BER03,1.1200433854271032,17.648484267319738,0
2025-12-19 15:50:54.404955,SKU_BER04,0.8930993462271878,15.426779355442585,0
2025-12-19 15:50:54.404955,SKU_LEA01,0.8640196840892158,34.22514258384251,0
2025-12-19 15:50:54.404955,SKU_LEA02,0.9664504183133295,28.74835476229094,0
2025-12-19 15:50:54.404955,SKU_LEA03,1.1323254197505674,16.57575520042162,0
2025-12-19 15:50:54.404955,SKU_LEA04,0.9604176057963423,28.41175874025042,0
2025-12-19 15:50:54.404955,SKU_BAN01,0.937690105956001,31.915340297120522,0
2025-12-19 15:50:54.404955,SKU_BAN02,1.035634791739035,31.613895263858996,0
2025-12-19 15:50:54.404955,SKU_BAN03,0.9152019869943485,23.78195591220026,0
2025-12-19 15:50:54.404955,SKU_BAN04,0.962826536786852,27.842069369162395,0
2025-12-19 15:50:54.404955,SKU_CIT01,1.1475074845198625,15.140549964755632,0
2025-12-19 15:50:54.404955,SKU_CIT02,0.8730365406758009,26.275815072965063,0
2025-12-19 15:50:54.404955,SKU_CIT03,1.0810520059156514,21.153296836465206,2
2025-12-19 15:50:54.404955,SKU_CIT04,1.0330190246410127,26.479002671151346,0
2025-12-19 15:50:54.404955,SKU_TOM01,0.8791624053946894,28.744180397281646,1
2025-12-19 15:50:54.404955,SKU_TOM02,0.9017095728381066,32.96686052559376,0
2025-12-19 15:50:54.404955,SKU_TOM03,0.9220176139285529,19.950886391491395,0
2025-12-19 15:50:54.404955,SKU_TOM04,0.8880620261821277,15.781661040196912,0
2025-12-19 15:50:54.404955,SKU_ROO01,0.927866499783515,22.861262871447916,0
2025-12-19 15:50:54.404955,SKU_ROO02,1.147200427963883,19.02993590914422,0
2025-12-19 15:50:54.404955,SKU_ROO03,0.869812969667187,15.718333727806355,0
2025-12-19 15:50:54.404955,SKU_ROO04,1.0381054016353188,16.594523021518665,0
2025-12-20 15:50:54.404955,SKU_BER01,0.8929500655710625,25.129737656637822,0
2025-12-20 15:50:54.404955,SKU_BER02,0.9813202326674664,27.995775487036035,1
2025-12-20 15:50:54.404955,SKU_BER03,0.9619962615986788,30.07481092833106,0
2025-12-20 15:50:54.404955,SKU_BER04,1.119077704288621,24.726986439843817,0
2025-12-20 15:50:54.404955,SKU_LEA01,0.9679594295154569,26.949380054505372,1
2025-12-20 15:50:54.404955,SKU_LEA02,1.0232547908113914,18.188282791066648,2
2025-12-20 15:50:54.404955,SKU_LEA03,0.8734203409582966,22.133375374992468,0
2025-12-20 15:50:54.404955,SKU_LEA04,1.1278229311593577,28.90107901357939,2
2025-12-20 15:50:54.404955,SKU_BAN01,0.9172561355862354,23.41151663482654,2
2025-12-20 15:50:54.404955,SKU_BAN02,1.0350211272125447,24.85715656661512,0
2025-12-20 15:50:54.404955,SKU_BAN03,1.0453879302002738,24.014055805503922,0
2025-12-20 15:50:54.404955,SKU_BAN04,1.037093269575293,26.2797475565079,0
2025-12-20 15:50:54.404955,SKU_CIT01,0.9623885696292899,31.010464007232578,0
2025-12-20 15:50:54.404955,SKU_CIT02,1.130920751394009,19.480753231403153,0
2025-12-20 15:50:54.404955,SKU_CIT03,0.9702957963344382,17.558160619631234,0
2025-12-20 15:50:54.404955,SKU_CIT04,1.0360786631189938,23.86345333122568,1
2025-12-20 15:50:54.404955,SKU_TOM01,1.0950933595728898,22.320664038969547,0
2025-12-20 15:50:54.404955,SKU_TOM02,0.8805566768366349,26.846369596569986,0
2025-12-20 15:50:54.404955,SKU_TOM03,0.9444293647620643,17.265308544184695,0
2025-12-20 15:50:54.404955,SKU_TOM04,1.106191434114402,26.848390403250715,0
2025-12-20 15:50:54.404955,SKU_ROO01,1.123407655572948,24.5820542624536,0
2025-12-20 15:50:54.404955,SKU_ROO02,1.0605108809174342,31.66153680337346,1
2025-12-20 15:50:54.404955,SKU_ROO03,0.854878315595893,21.75914229731196,2
2025-12-20 15:50:54.404955,SKU_ROO04,1.0709963500477904,15.374147367224511,0
2025-12-21 15:50:54.404955,SKU_BER01,0.9612820512011734,30.432610901397123,0
2025-12-21 15:50:54.404955,SKU_BER02,0.8745908616047777,26.317098267728483,0
2025-12-21 15:50:54.404955,SKU_BER03,1.033110804214604,30.80319962404455,0
2025-12-21 15:50:54.404955,SKU_BER04,1.0557145418096336,15.621693760728238,0
2025-12-21 15:50:54.404955,SKU_LEA01,1.0175700888553383,22.735682606086353,0
2025-12-21 15:50:54.404955,SKU_LEA02,1.0190424575994412,21.995833941411412,2
2025-12-21 15:50:54.404955,SKU_LEA03,1.1452588886662929,26.776813812558757,0
2025-12-21 15:50:54.404955,SKU_LEA04,0.8718309112738609,27.490593306766716,0
2025-12-21 15:50:54.404955,SKU_BAN01,1.0813607137180072,30.026514126598126,0
2025-12-21 15:50:54.404955,SKU_BAN02,1.0188224728875594,20.257192024946512,0
2025-12-21 15:50:54.404955,SKU_BAN03,1.0733084482245647,33.071622001492415,1
2025-12-21 15:50:54.404955,SKU_BAN04,0.8742783038280473,25.62424916264206,2
2025-12-21 15:50:54.404955,SKU_CIT01,0.8703085148171466,32.33623031171443,2
2025-12-21 15:50:54.404955,SKU_CIT02,1.0605890927352064,16.48505754543532,2
2025-12-21 15:50:54.404955,SKU_CIT03,0.9839408927245297,29.488466843178937,0
2025-12-21 15:50:54.404955,SKU_CIT04,0.869726266652939,32.78089964477221,0
2025-12-21 15:50:54.404955,SKU_TOM01,0.9615940810690848,34.52218893285072,0
2025-12-21 15:50:54.404955,SKU_TOM02,1.0999832904749294,24.634169618760797,2
2025-12-21 15:50:54.404955,SKU_TOM03,1.1353852066588421,26.87669516621277,0
2025-12-21 15:50:54.404955,SKU_TOM04,1.1412680017273196,26.462558973445766,0
2025-12-21 15:50:54.404955,SKU_ROO01,0.8718168846057495,32.75576773849722,0
2025-12-21 15:50:54.404955,SKU_ROO02,1.1414391575232465,21.637779283356817,1
2025-12-21 15:50:54.404955,SKU_ROO03,1.0657164895326625,31.510097608196503,0
2025-12-21 15:50:54.404955,SKU_ROO04,0.8505509402718897,27.69898158973828,0
2025-12-22 15:50:54.404955,SKU_BER01,1.0215589038911714,34.47519526754192,2
2025-12-22 15:50:54.404955,SKU_BER02,0.9746382008062754,31.101122132950124,0
2025-12-22 15:50:54.404955,SKU_BER03,1.0111348513493021,27.759827509167415,0
2025-12-22 15:50:54.404955,SKU_BER04,1.1497591311587771,32.93364702075699,0
2025-12-22 15:50:54.404955,SKU_LEA01,0.91404833930411,23.339187510177197,0
2025-12-22 15:50:54.404955,SKU_LEA02,1.0279032883497234,34.17890835384801,2
2025-12-22 15:50:54.404955,SKU_LEA03,0.8526806600368605,21.43977465358237,1
2025-12-22 15:50:54.404955,SKU_LEA04,1.11110098062467,27.264469791072656,0
2025-12-22 15:50:54.404955,SKU_BAN01,1.1338724781976453,32.68521521972452,0
2025-12-22 15:50:54.404955,SKU_BAN02,0.888431962648025,23.73938566025297,2
2025-12-22 15:50:54.404955,SKU_BAN03,0.95846958181923,25.584630757363804,0
2025-12-22 15:50:54.404955,SKU_BAN04,0.9645991664278456,20.959311977861894,1
2025-12-22 15:50:54.404955,SKU_CIT01,0.9293980361713896,20.878557416038177,0
2025-12-22 15:50:54.404955,SKU_CIT02,1.1417714783846282,34.046561638969926,0
2025-12-22 15:50:54.404955,SKU_CIT03,1.1316200478846659,21.01021616455386,2
2025-12-22 15:50:54.404955,SKU_CIT04,1.1291634745288872,18.902929062571154,0
2025-12-22 15:50:54.404955,SKU_TOM01,1.0104225983574833,26.198580044852072,0
2025-12-22 15:50:54.404955,SKU_TOM02,1.014674412897616,32.71471603476378,0
2025-12-22 15:50:54.404955,SKU_TOM03,0.8653564958489978,19.311457872691392,0
2025-12-22 15:50:54.404955,SKU_TOM04,0.9654172364962045,28.83202447147046,0
2025-12-22 15:50:54.404955,SKU_ROO01,0.9987325664117944,22.88641409797234,2
2025-12-22 15:50:54.404955,SKU_ROO02,1.1137940645072713,21.88463894434422,0
2025-12-22 15:50:54.404955,SKU_ROO03,0.9648901674973634,32.82884605755787,0
2025-12-22 15:50:54.404955,SKU_ROO04,0.9395768426731977,21.977891446785172,0
2025-12-23 15:50:54.404955,SKU_BER01,0.8549927745815401,20.593432240295527,0
2025-12-23 15:50:54.404955,SKU_BER02,1.0324771600157374,26.595029405855243,0
2025-12-23 15:50:54.404955,SKU_BER03,0.9423215608247295,33.606429606404376,2
2025-12-23 15:50:54.404955,SKU_BER04,0.9702123055627772,34.413500295862164,2
2025-12-23 15:50:54.404955,SKU_LEA01,0.9034845396655615,16.043236610506966,2
2025-12-23 15:50:54.404955,SKU_LEA02,0.9672307077353907,25.52648786492564,2
2025-12-23 15:50:54.404955,SKU_LEA03,0.932591507980537,33.46451140259677,0
2025-12-23 15:50:54.404955,SKU_LEA04,1.058243898662549,20.166010789376827,1
2025-12-23 15:50:54.404955,SKU_BAN01,0.9077136001030015,31.158353977375093,0
2025-12-23 15:50:54.404955,SKU_BAN02,1.077570097647725,34.5889038451877,0
2025-12-23 15:50:54.404955,SKU_BAN03,0.9239749264501306,30.88155303895517,0
2025-12-23 15:50:54.404955,SKU_BAN04,1.0988910034762815,23.82021765706557,0
2025-12-23 15:50:54.404955,SKU_CIT01,0.9801660628887954,34.47507669138304,1
2025-12-23 15:50:54.404955,SKU_CIT02,0.9632031459349606,21.143270127379687,0
2025-12-23 15:50:54.404955,SKU_CIT03,1.0426204250134459,18.262050861611918,0
2025-12-23 15:50:54.404955,SKU_CIT04,1.0652046778987343,28.11263269201487,0
2025-12-23 15:50:54.404955,SKU_TOM01,0.9335702804354886,18.61652894706702,2
2025-12-23 15:50:54.404955,SKU_TOM02,1.0826386816580493,23.585741890240126,0
2025-12-23 15:50:54.404955,SKU_TOM03,0.8702875716314913,18.25078086041253,1
2025-12-23 15:50:54.404955,SKU_TOM04,0.9553548319106306,17.131217286914225,0
2025-12-23 15:50:54.404955,SKU_ROO01,1.1115678115437038,19.130540509089716,0
2025-12-23 15:50:54.404955,SKU_ROO02,0.9417936494929875,34.947742077360864,0
2025-12-23 15:50:54.404955,SKU_ROO03,0.8582145156023684,26.19897954977379,2
2025-12-23 15:50:54.404955,SKU_ROO04,0.9290589721339274,21.289086510364612,2
2025-12-24 15:50:54.404955,SKU_BER01,0.9416473360443356,15.88162001941126,2
2025-12-24 15:50:54.404955,SKU_BER02,1.0067621081934217,21.037881310052754,0
2025-12-24 15:50:54.404955,SKU_BER03,1.1361251162322634,28.112618017121864,0
2025-12-24 15:50:54.404955,SKU_BER04,1.097728991507175,30.380981136061404,0
2025-12-24 15:50:54.404955,SKU_LEA01,0.9991965540648702,20.35613979524683,0
2025-12-24 15:50:54.404955,SKU_LEA02,1.0807340824363556,26.573802959114566,0
2025-12-24 15:50:54.404955,SKU_LEA03,0.8669913505929733,26.981464168725715,2
2025-12-24 15:50:54.404955,SKU_LEA04,1.0176258379214134,32.23081404081292,1
2025-12-24 15:50:54.404955,SKU_BAN01,0.9317587510515359,30.174918698375315,0
2025-12-24 15:50:54.404955,SKU_BAN02,0.9342557933856688,21.834051373099364,0
2025-12-24 15:50:54.404955,SKU_BAN03,0.910894332436494,32.880815997991064,2
2025-12-24 15:50:54.404955,SKU_BAN04,0.9545529486508266,25.407039550393566,0
2025-12-24 15:50:54.404955,SKU_CIT01,0.8554059879588392,34.37049224515157,2
2025-12-24 15:50:54.404955,SKU_CIT02,1.002160367074742,27.708361473753982,0
2025-12-24 15:50:54.404955,SKU_CIT03,1.1023798939962455,16.805037604556578,0
2025-12-24 15:50:54.404955,SKU_CIT04,1.0627767529134948,20.375133769002055,0
2025-12-24 15:50:54.404955,SKU_TOM01,0.8598598822305343,26.465454246957684,0
2025-12-24 15:50:54.404955,SKU_TOM02,0.8854543164222678,19.574920913821643,0
2025-12-24 15:50:54.404955,SKU_TOM03,0.9100079342701345,28.307520416254533,0
2025-12-24 15:50:54.404955,SKU_TOM04,0.9635362994697501,25.166840337167514,1
2025-12-24 15:50:54.404955,SKU_ROO01,1.0250594499178785,18.428784051631617,0
2025-12-24 15:50:54.404955,SKU_ROO02,0.9895549975620235,28.07126274700815,0
2025-12-24 15:50:54.404955,SKU_ROO03,1.0092241146375698,24.399023119461418,1
2025-12-24 15:50:54.404955,SKU_ROO04,0.9712819552600384,33.30464815811619,0
2025-12-25 15:50:54.404955,SKU_BER01,1.1392893227100815,25.22637772401245,1
2025-12-25 15:50:54.404955,SKU_BER02,0.9191927976456596,27.924845827595647,0
2025-12-25 15:50:54.404955,SKU_BER03,1.068821326878043,17.577443581762196,0
2025-12-25 15:50:54.404955,SKU_BER04,1.09004727542314,27.961494284506017,0
2025-12-25 15:50:54.404955,SKU_LEA01,0.9950691970080335,30.161916323343377,0
2025-12-25 15:50:54.404955,SKU_LEA02,1.1333513062928775,32.06672803157957,0
2025-12-25 15:50:54.404955,SKU_LEA03,1.085546015717938,26.64451838980976,0
2025-12-25 15:50:54.404955,SKU_LEA04,0.9281937790980279,32.63222551819014,2
2025-12-25 15:50:54.404955,SKU_BAN01,0.9140579609668668,25.406915410617408,0
2025-12-25 15:50:54.404955,SKU_BAN02,1.0340103954559747,15.295112486177267,0
2025-12-25 15:50:54.404955,SKU_BAN03,1.1005132181194048,20.966331101712868,0
2025-12-25 15:50:54.404955,SKU_BAN04,1.1319384893970428,16.70777727047915,0
2025-12-25 15:50:54.404955,SKU_CIT01,0.8659922665342916,31.301326991648544,0
2025-12-25 15:50:54.404955,SKU_CIT02,1.071645970384571,23.133312762551487,0
2025-12-25 15:50:54.404955,SKU_CIT03,1.1240798685121325,22.575577846493175,0
2025-12-25 15:50:54.404955,SKU_CIT04,0.983174725119314,19.504986821323772,0
2025-12-25 15:50:54.404955,SKU_TOM01,1.0418768073508209,23.42750181460287,0
2025-12-25 15:50:54.404955,SKU_TOM02,1.116002999537921,28.87952526457714,1
2025-12-25 15:50:54.404955,SKU_TOM03,1.0440019662988242,19.911586658776542,0
2025-12-25 15:50:54.404955,SKU_TOM04,1.1104809084017866,33.39401018046784,0
2025-12-25 15:50:54.404955,SKU_ROO01,0.8946355713522802,25.754960229298657,0
2025-12-25 15:50:54.404955,SKU_ROO02,1.0384012538712695,28.26349955020081,2
2025-12-25 15:50:54.404955,SKU_ROO03,1.0569613407753706,33.57561331587314,0
2025-12-25 15:50:54.404955,SKU_ROO04,0.9351722947208496,19.181388425216838,0
